clade_name	k	p	c	o	f	g	s
s__Akkermansia_muciniphila	k__Bacteria	p__Verrucomicrobia	c__Verrucomicrobiae	o__Verrucomicrobiales	f__Akkermansiaceae	g__Akkermansia	s__Akkermansia_muciniphila
s__Escherichia_coli	k__Bacteria	p__Proteobacteria	c__Gammaproteobacteria	o__Enterobacterales	f__Enterobacteriaceae	g__Escherichia	s__Escherichia_coli
s__Faecalibacterium_prausnitzii	k__Bacteria	p__Firmicutes	c__Clostridia	o__Clostridiales	f__Ruminococcaceae	g__Faecalibacterium	s__Faecalibacterium_prausnitzii
s__Bacteroides_vulgatus	k__Bacteria	p__Bacteroidetes	c__Bacteroidia	o__Bacteroidales	f__Bacteroidaceae	g__Bacteroides	s__Bacteroides_vulgatus
s__Anaerostipes_hadrus	k__Bacteria	p__Firmicutes	c__Clostridia	o__Clostridiales	f__Lachnospiraceae	g__Anaerostipes	s__Anaerostipes_hadrus
s__Alistipes_putredinis	k__Bacteria	p__Bacteroidetes	c__Bacteroidia	o__Bacteroidales	f__Rikenellaceae	g__Alistipes	s__Alistipes_putredinis
s__Collinsella_aerofaciens	k__Bacteria	p__Actinobacteria	c__Coriobacteriia	o__Coriobacteriales	f__Coriobacteriaceae	g__Collinsella	s__Collinsella_aerofaciens
s__Phascolarctobacterium_succinatutens	k__Bacteria	p__Firmicutes	c__Negativicutes	o__Acidaminococcales	f__Acidaminococcaceae	g__Phascolarctobacterium	s__Phascolarctobacterium_succinatutens
s__Clostridium_sp_CAG_413	k__Bacteria	p__Firmicutes	c__Clostridia	o__Clostridiales	f__Clostridiaceae	g__Clostridium	s__Clostridium_sp_CAG_413
s__Desulfovibrio_piger	k__Bacteria	p__Proteobacteria	c__Deltaproteobacteria	o__Desulfovibrionales	f__Desulfovibrionaceae	g__Desulfovibrio	s__Desulfovibrio_piger
s__Coprococcus_comes	k__Bacteria	p__Firmicutes	c__Clostridia	o__Clostridiales	f__Lachnospiraceae	g__Coprococcus	s__Coprococcus_comes
s__Eubacterium_rectale	k__Bacteria	p__Firmicutes	c__Clostridia	o__Clostridiales	f__Lachnospiraceae	g__Lachnospiraceae_unclassified	s__Eubacterium_rectale
s__Bacteroides_caccae	k__Bacteria	p__Bacteroidetes	c__Bacteroidia	o__Bacteroidales	f__Bacteroidaceae	g__Bacteroides	s__Bacteroides_caccae
s__Parvimonas_micra	k__Bacteria	p__Firmicutes	c__Tissierellia	o__Tissierellales	f__Peptoniphilaceae	g__Parvimonas	s__Parvimonas_micra
s__Barnesiella_intestinihominis	k__Bacteria	p__Bacteroidetes	c__Bacteroidia	o__Bacteroidales	f__Barnesiellaceae	g__Barnesiella	s__Barnesiella_intestinihominis
s__Eubacterium_hallii	k__Bacteria	p__Firmicutes	c__Clostridia	o__Clostridiales	f__Eubacteriaceae	g__Eubacterium	s__Eubacterium_hallii
s__Bifidobacterium_pseudolongum	k__Bacteria	p__Actinobacteria	c__Actinobacteria	o__Bifidobacteriales	f__Bifidobacteriaceae	g__Bifidobacterium	s__Bifidobacterium_pseudolongum
s__Eubacterium_eligens	k__Bacteria	p__Firmicutes	c__Clostridia	o__Clostridiales	f__Eubacteriaceae	g__Eubacterium	s__Eubacterium_eligens
s__Firmicutes_bacterium_CAG_83	k__Bacteria	p__Firmicutes	c__Firmicutes_unclassified	o__Firmicutes_unclassified	f__Firmicutes_unclassified	g__Firmicutes_unclassified	s__Firmicutes_bacterium_CAG_83
s__Dorea_longicatena	k__Bacteria	p__Firmicutes	c__Clostridia	o__Clostridiales	f__Lachnospiraceae	g__Dorea	s__Dorea_longicatena
s__Oscillibacter_sp_57_20	k__Bacteria	p__Firmicutes	c__Clostridia	o__Clostridiales	f__Oscillospiraceae	g__Oscillibacter	s__Oscillibacter_sp_57_20
s__Clostridium_sp_CAG_510	k__Bacteria	p__Firmicutes	c__Clostridia	o__Clostridiales	f__Clostridiaceae	g__Clostridium	s__Clostridium_sp_CAG_510
s__Prevotella_intermedia	k__Bacteria	p__Bacteroidetes	c__Bacteroidia	o__Bacteroidales	f__Prevotellaceae	g__Prevotella	s__Prevotella_intermedia
s__Paraprevotella_xylaniphila	k__Bacteria	p__Bacteroidetes	c__Bacteroidia	o__Bacteroidales	f__Prevotellaceae	g__Paraprevotella	s__Paraprevotella_xylaniphila
s__Roseburia_sp_CAG_471	k__Bacteria	p__Firmicutes	c__Clostridia	o__Clostridiales	f__Lachnospiraceae	g__Roseburia	s__Roseburia_sp_CAG_471
s__Clostridium_leptum	k__Bacteria	p__Firmicutes	c__Clostridia	o__Clostridiales	f__Ruminococcaceae	g__Ruminococcaceae_unclassified	s__Clostridium_leptum
s__Firmicutes_bacterium_CAG_110	k__Bacteria	p__Firmicutes	c__Firmicutes_unclassified	o__Firmicutes_unclassified	f__Firmicutes_unclassified	g__Firmicutes_unclassified	s__Firmicutes_bacterium_CAG_110
s__Dorea_formicigenerans	k__Bacteria	p__Firmicutes	c__Clostridia	o__Clostridiales	f__Lachnospiraceae	g__Dorea	s__Dorea_formicigenerans
s__Clostridium_sp_CAG_242	k__Bacteria	p__Firmicutes	c__Clostridia	o__Clostridiales	f__Clostridiaceae	g__Clostridium	s__Clostridium_sp_CAG_242
s__Fusicatenibacter_saccharivorans	k__Bacteria	p__Firmicutes	c__Clostridia	o__Clostridiales	f__Lachnospiraceae	g__Fusicatenibacter	s__Fusicatenibacter_saccharivorans
s__Blautia_wexlerae	k__Bacteria	p__Firmicutes	c__Clostridia	o__Clostridiales	f__Lachnospiraceae	g__Blautia	s__Blautia_wexlerae
s__Slackia_isoflavoniconvertens	k__Bacteria	p__Actinobacteria	c__Coriobacteriia	o__Eggerthellales	f__Eggerthellaceae	g__Slackia	s__Slackia_isoflavoniconvertens
s__Blautia_obeum	k__Bacteria	p__Firmicutes	c__Clostridia	o__Clostridiales	f__Lachnospiraceae	g__Blautia	s__Blautia_obeum
s__Gemmiger_formicilis	k__Bacteria	p__Firmicutes	c__Clostridia	o__Clostridiales	f__Ruminococcaceae	g__Gemmiger	s__Gemmiger_formicilis
s__Parabacteroides_distasonis	k__Bacteria	p__Bacteroidetes	c__Bacteroidia	o__Bacteroidales	f__Tannerellaceae	g__Parabacteroides	s__Parabacteroides_distasonis
s__Prevotella_copri	k__Bacteria	p__Bacteroidetes	c__Bacteroidia	o__Bacteroidales	f__Prevotellaceae	g__Prevotella	s__Prevotella_copri
s__Bacteroides_fragilis	k__Bacteria	p__Bacteroidetes	c__Bacteroidia	o__Bacteroidales	f__Bacteroidaceae	g__Bacteroides	s__Bacteroides_fragilis
s__Peptostreptococcus_stomatis	k__Bacteria	p__Firmicutes	c__Clostridia	o__Clostridiales	f__Peptostreptococcaceae	g__Peptostreptococcus	s__Peptostreptococcus_stomatis
s__Eubacterium_ramulus	k__Bacteria	p__Firmicutes	c__Clostridia	o__Clostridiales	f__Eubacteriaceae	g__Eubacterium	s__Eubacterium_ramulus
s__Odoribacter_splanchnicus	k__Bacteria	p__Bacteroidetes	c__Bacteroidia	o__Bacteroidales	f__Odoribacteraceae	g__Odoribacter	s__Odoribacter_splanchnicus
s__Filifactor_alocis	k__Bacteria	p__Firmicutes	c__Clostridia	o__Clostridiales	f__Peptostreptococcaceae	g__Filifactor	s__Filifactor_alocis
s__Gemella_morbillorum	k__Bacteria	p__Firmicutes	c__Bacilli	o__Bacillales	f__Bacillales_unclassified	g__Gemella	s__Gemella_morbillorum
s__Klebsiella_pneumoniae	k__Bacteria	p__Proteobacteria	c__Gammaproteobacteria	o__Enterobacterales	f__Enterobacteriaceae	g__Klebsiella	s__Klebsiella_pneumoniae
s__Eubacterium_siraeum	k__Bacteria	p__Firmicutes	c__Clostridia	o__Clostridiales	f__Ruminococcaceae	g__Ruminococcaceae_unclassified	s__Eubacterium_siraeum
s__Bacteroides_uniformis	k__Bacteria	p__Bacteroidetes	c__Bacteroidia	o__Bacteroidales	f__Bacteroidaceae	g__Bacteroides	s__Bacteroides_uniformis
s__Prevotella_sp_CAG_891	k__Bacteria	p__Bacteroidetes	c__Bacteroidia	o__Bacteroidales	f__Prevotellaceae	g__Prevotella	s__Prevotella_sp_CAG_891
s__Proteus_mirabilis	k__Bacteria	p__Proteobacteria	c__Gammaproteobacteria	o__Enterobacterales	f__Morganellaceae	g__Proteus	s__Proteus_mirabilis
s__Agathobaculum_butyriciproducens	k__Bacteria	p__Firmicutes	c__Clostridia	o__Clostridiales	f__Ruminococcaceae	g__Agathobaculum	s__Agathobaculum_butyriciproducens
s__Dialister_pneumosintes	k__Bacteria	p__Firmicutes	c__Negativicutes	o__Veillonellales	f__Veillonellaceae	g__Dialister	s__Dialister_pneumosintes
s__Acidaminococcus_intestini	k__Bacteria	p__Firmicutes	c__Negativicutes	o__Acidaminococcales	f__Acidaminococcaceae	g__Acidaminococcus	s__Acidaminococcus_intestini
s__Solobacterium_moorei	k__Bacteria	p__Firmicutes	c__Erysipelotrichia	o__Erysipelotrichales	f__Erysipelotrichaceae	g__Solobacterium	s__Solobacterium_moorei
s__Parabacteroides_merdae	k__Bacteria	p__Bacteroidetes	c__Bacteroidia	o__Bacteroidales	f__Tannerellaceae	g__Parabacteroides	s__Parabacteroides_merdae
s__Coprococcus_catus	k__Bacteria	p__Firmicutes	c__Clostridia	o__Clostridiales	f__Lachnospiraceae	g__Coprococcus	s__Coprococcus_catus
s__Butyricimonas_virosa	k__Bacteria	p__Bacteroidetes	c__Bacteroidia	o__Bacteroidales	f__Odoribacteraceae	g__Butyricimonas	s__Butyricimonas_virosa
s__Bacteroides_stercoris	k__Bacteria	p__Bacteroidetes	c__Bacteroidia	o__Bacteroidales	f__Bacteroidaceae	g__Bacteroides	s__Bacteroides_stercoris
s__Adlercreutzia_equolifaciens	k__Bacteria	p__Actinobacteria	c__Coriobacteriia	o__Eggerthellales	f__Eggerthellaceae	g__Adlercreutzia	s__Adlercreutzia_equolifaciens
s__Alistipes_finegoldii	k__Bacteria	p__Bacteroidetes	c__Bacteroidia	o__Bacteroidales	f__Rikenellaceae	g__Alistipes	s__Alistipes_finegoldii
s__Roseburia_hominis	k__Bacteria	p__Firmicutes	c__Clostridia	o__Clostridiales	f__Lachnospiraceae	g__Roseburia	s__Roseburia_hominis
s__Bacteroides_xylanisolvens	k__Bacteria	p__Bacteroidetes	c__Bacteroidia	o__Bacteroidales	f__Bacteroidaceae	g__Bacteroides	s__Bacteroides_xylanisolvens
s__Firmicutes_bacterium_CAG_95	k__Bacteria	p__Firmicutes	c__Firmicutes_unclassified	o__Firmicutes_unclassified	f__Firmicutes_unclassified	g__Firmicutes_unclassified	s__Firmicutes_bacterium_CAG_95
s__Bacteroides_thetaiotaomicron	k__Bacteria	p__Bacteroidetes	c__Bacteroidia	o__Bacteroidales	f__Bacteroidaceae	g__Bacteroides	s__Bacteroides_thetaiotaomicron
s__Kluyvera_georgiana	k__Bacteria	p__Proteobacteria	c__Gammaproteobacteria	o__Enterobacterales	f__Enterobacteriaceae	g__Kluyvera	s__Kluyvera_georgiana
s__Actinomyces_cardiffensis	k__Bacteria	p__Actinobacteria	c__Actinobacteria	o__Actinomycetales	f__Actinomycetaceae	g__Actinomyces	s__Actinomyces_cardiffensis
s__Oxalobacter_formigenes	k__Bacteria	p__Proteobacteria	c__Betaproteobacteria	o__Burkholderiales	f__Oxalobacteraceae	g__Oxalobacter	s__Oxalobacter_formigenes
s__Oscillibacter_sp_CAG_241	k__Bacteria	p__Firmicutes	c__Clostridia	o__Clostridiales	f__Oscillospiraceae	g__Oscillibacter	s__Oscillibacter_sp_CAG_241
s__Olsenella_scatoligenes	k__Bacteria	p__Actinobacteria	c__Coriobacteriia	o__Coriobacteriales	f__Atopobiaceae	g__Olsenella	s__Olsenella_scatoligenes
s__Ruthenibacterium_lactatiformans	k__Bacteria	p__Firmicutes	c__Clostridia	o__Clostridiales	f__Ruminococcaceae	g__Ruthenibacterium	s__Ruthenibacterium_lactatiformans
s__Roseburia_inulinivorans	k__Bacteria	p__Firmicutes	c__Clostridia	o__Clostridiales	f__Lachnospiraceae	g__Roseburia	s__Roseburia_inulinivorans
s__Bifidobacterium_adolescentis	k__Bacteria	p__Actinobacteria	c__Actinobacteria	o__Bifidobacteriales	f__Bifidobacteriaceae	g__Bifidobacterium	s__Bifidobacterium_adolescentis
s__Catenibacterium_mitsuokai	k__Bacteria	p__Firmicutes	c__Erysipelotrichia	o__Erysipelotrichales	f__Erysipelotrichaceae	g__Catenibacterium	s__Catenibacterium_mitsuokai
s__Ruminococcus_torques	k__Bacteria	p__Firmicutes	c__Clostridia	o__Clostridiales	f__Lachnospiraceae	g__Blautia	s__Ruminococcus_torques
s__Monoglobus_pectinilyticus	k__Bacteria	p__Firmicutes	c__Clostridia	o__Clostridiales	f__Clostridiales_unclassified	g__Monoglobus	s__Monoglobus_pectinilyticus
s__Clostridium_sp_CAG_58	k__Bacteria	p__Firmicutes	c__Clostridia	o__Clostridiales	f__Clostridiaceae	g__Clostridium	s__Clostridium_sp_CAG_58
s__Bacteroides_massiliensis	k__Bacteria	p__Bacteroidetes	c__Bacteroidia	o__Bacteroidales	f__Bacteroidaceae	g__Bacteroides	s__Bacteroides_massiliensis
s__Megamonas_funiformis	k__Bacteria	p__Firmicutes	c__Negativicutes	o__Selenomonadales	f__Selenomonadaceae	g__Megamonas	s__Megamonas_funiformis
s__Alistipes_shahii	k__Bacteria	p__Bacteroidetes	c__Bacteroidia	o__Bacteroidales	f__Rikenellaceae	g__Alistipes	s__Alistipes_shahii
s__Klebsiella_variicola	k__Bacteria	p__Proteobacteria	c__Gammaproteobacteria	o__Enterobacterales	f__Enterobacteriaceae	g__Klebsiella	s__Klebsiella_variicola
s__Bilophila_wadsworthia	k__Bacteria	p__Proteobacteria	c__Deltaproteobacteria	o__Desulfovibrionales	f__Desulfovibrionaceae	g__Bilophila	s__Bilophila_wadsworthia
s__Ruminococcus_sp_CAG_403	k__Bacteria	p__Firmicutes	c__Clostridia	o__Clostridiales	f__Ruminococcaceae	g__Ruminococcus	s__Ruminococcus_sp_CAG_403
s__Asaccharobacter_celatus	k__Bacteria	p__Actinobacteria	c__Coriobacteriia	o__Eggerthellales	f__Eggerthellaceae	g__Asaccharobacter	s__Asaccharobacter_celatus
s__Veillonella_parvula	k__Bacteria	p__Firmicutes	c__Negativicutes	o__Veillonellales	f__Veillonellaceae	g__Veillonella	s__Veillonella_parvula
s__Parabacteroides_goldsteinii	k__Bacteria	p__Bacteroidetes	c__Bacteroidia	o__Bacteroidales	f__Tannerellaceae	g__Parabacteroides	s__Parabacteroides_goldsteinii
s__Firmicutes_bacterium_CAG_238	k__Bacteria	p__Firmicutes	c__Firmicutes_unclassified	o__Firmicutes_unclassified	f__Firmicutes_unclassified	g__Firmicutes_unclassified	s__Firmicutes_bacterium_CAG_238
s__Bacteroides_intestinalis	k__Bacteria	p__Bacteroidetes	c__Bacteroidia	o__Bacteroidales	f__Bacteroidaceae	g__Bacteroides	s__Bacteroides_intestinalis
s__Streptococcus_sanguinis	k__Bacteria	p__Firmicutes	c__Bacilli	o__Lactobacillales	f__Streptococcaceae	g__Streptococcus	s__Streptococcus_sanguinis
s__Lawsonibacter_asaccharolyticus	k__Bacteria	p__Firmicutes	c__Clostridia	o__Clostridiales	f__Clostridiales_unclassified	g__Lawsonibacter	s__Lawsonibacter_asaccharolyticus
s__Ruminococcus_bicirculans	k__Bacteria	p__Firmicutes	c__Clostridia	o__Clostridiales	f__Ruminococcaceae	g__Ruminococcus	s__Ruminococcus_bicirculans
s__Bacteroides_ovatus	k__Bacteria	p__Bacteroidetes	c__Bacteroidia	o__Bacteroidales	f__Bacteroidaceae	g__Bacteroides	s__Bacteroides_ovatus
s__Streptococcus_salivarius	k__Bacteria	p__Firmicutes	c__Bacilli	o__Lactobacillales	f__Streptococcaceae	g__Streptococcus	s__Streptococcus_salivarius
s__Methanobrevibacter_smithii	k__Archaea	p__Euryarchaeota	c__Methanobacteria	o__Methanobacteriales	f__Methanobacteriaceae	g__Methanobrevibacter	s__Methanobrevibacter_smithii
s__Citrobacter_amalonaticus	k__Bacteria	p__Proteobacteria	c__Gammaproteobacteria	o__Enterobacterales	f__Enterobacteriaceae	g__Citrobacter	s__Citrobacter_amalonaticus
s__Ruminococcaceae_bacterium_D5	k__Bacteria	p__Firmicutes	c__Clostridia	o__Clostridiales	f__Ruminococcaceae	g__Ruminococcaceae_unclassified	s__Ruminococcaceae_bacterium_D5
s__Gordonibacter_pamelaeae	k__Bacteria	p__Actinobacteria	c__Coriobacteriia	o__Eggerthellales	f__Eggerthellaceae	g__Gordonibacter	s__Gordonibacter_pamelaeae
s__Holdemania_filiformis	k__Bacteria	p__Firmicutes	c__Erysipelotrichia	o__Erysipelotrichales	f__Erysipelotrichaceae	g__Holdemania	s__Holdemania_filiformis
s__Klebsiella_quasipneumoniae	k__Bacteria	p__Proteobacteria	c__Gammaproteobacteria	o__Enterobacterales	f__Enterobacteriaceae	g__Klebsiella	s__Klebsiella_quasipneumoniae
s__Granulicatella_adiacens	k__Bacteria	p__Firmicutes	c__Bacilli	o__Lactobacillales	f__Carnobacteriaceae	g__Granulicatella	s__Granulicatella_adiacens
s__Eubacterium_sp_CAG_180	k__Bacteria	p__Firmicutes	c__Clostridia	o__Clostridiales	f__Eubacteriaceae	g__Eubacterium	s__Eubacterium_sp_CAG_180
s__Enterococcus_avium	k__Bacteria	p__Firmicutes	c__Bacilli	o__Lactobacillales	f__Enterococcaceae	g__Enterococcus	s__Enterococcus_avium
s__Gemella_sanguinis	k__Bacteria	p__Firmicutes	c__Bacilli	o__Bacillales	f__Bacillales_unclassified	g__Gemella	s__Gemella_sanguinis
s__Sanguibacteroides_justesenii	k__Bacteria	p__Bacteroidetes	c__Bacteroidia	o__Bacteroidales	f__Porphyromonadaceae	g__Sanguibacteroides	s__Sanguibacteroides_justesenii
s__Cloacibacillus_porcorum	k__Bacteria	p__Synergistetes	c__Synergistia	o__Synergistales	f__Synergistaceae	g__Cloacibacillus	s__Cloacibacillus_porcorum
s__Erysipelothrix_larvae	k__Bacteria	p__Firmicutes	c__Erysipelotrichia	o__Erysipelotrichales	f__Erysipelotrichaceae	g__Erysipelothrix	s__Erysipelothrix_larvae
s__Bacteroides_cellulosilyticus	k__Bacteria	p__Bacteroidetes	c__Bacteroidia	o__Bacteroidales	f__Bacteroidaceae	g__Bacteroides	s__Bacteroides_cellulosilyticus
s__Ruminococcus_bromii	k__Bacteria	p__Firmicutes	c__Clostridia	o__Clostridiales	f__Ruminococcaceae	g__Ruminococcus	s__Ruminococcus_bromii
s__Streptococcus_anginosus_group	k__Bacteria	p__Firmicutes	c__Bacilli	o__Lactobacillales	f__Streptococcaceae	g__Streptococcus	s__Streptococcus_anginosus_group
s__Anaerofustis_stercorihominis	k__Bacteria	p__Firmicutes	c__Clostridia	o__Clostridiales	f__Eubacteriaceae	g__Anaerofustis	s__Anaerofustis_stercorihominis
s__Clostridium_sp_CAG_299	k__Bacteria	p__Firmicutes	c__Clostridia	o__Clostridiales	f__Clostridiaceae	g__Clostridium	s__Clostridium_sp_CAG_299
s__Bacteroides_plebeius	k__Bacteria	p__Bacteroidetes	c__Bacteroidia	o__Bacteroidales	f__Bacteroidaceae	g__Bacteroides	s__Bacteroides_plebeius
s__Firmicutes_bacterium_CAG_145	k__Bacteria	p__Firmicutes	c__Firmicutes_unclassified	o__Firmicutes_unclassified	f__Firmicutes_unclassified	g__Firmicutes_unclassified	s__Firmicutes_bacterium_CAG_145
s__Clostridium_symbiosum	k__Bacteria	p__Firmicutes	c__Clostridia	o__Clostridiales	f__Lachnospiraceae	g__Lachnoclostridium	s__Clostridium_symbiosum
s__Roseburia_intestinalis	k__Bacteria	p__Firmicutes	c__Clostridia	o__Clostridiales	f__Lachnospiraceae	g__Roseburia	s__Roseburia_intestinalis
s__Collinsella_intestinalis	k__Bacteria	p__Actinobacteria	c__Coriobacteriia	o__Coriobacteriales	f__Coriobacteriaceae	g__Collinsella	s__Collinsella_intestinalis
s__Harryflintia_acetispora	k__Bacteria	p__Firmicutes	c__Clostridia	o__Clostridiales	f__Ruminococcaceae	g__Harryflintia	s__Harryflintia_acetispora
s__Clostridium_citroniae	k__Bacteria	p__Firmicutes	c__Clostridia	o__Clostridiales	f__Lachnospiraceae	g__Lachnoclostridium	s__Clostridium_citroniae
s__Firmicutes_bacterium_CAG_170	k__Bacteria	p__Firmicutes	c__Firmicutes_unclassified	o__Firmicutes_unclassified	f__Firmicutes_unclassified	g__Firmicutes_unclassified	s__Firmicutes_bacterium_CAG_170
s__Morganella_morganii	k__Bacteria	p__Proteobacteria	c__Gammaproteobacteria	o__Enterobacterales	f__Morganellaceae	g__Morganella	s__Morganella_morganii
s__Actinomyces_sp_ICM47	k__Bacteria	p__Actinobacteria	c__Actinobacteria	o__Actinomycetales	f__Actinomycetaceae	g__Actinomyces	s__Actinomyces_sp_ICM47
s__Clostridium_asparagiforme	k__Bacteria	p__Firmicutes	c__Clostridia	o__Clostridiales	f__Lachnospiraceae	g__Lachnoclostridium	s__Clostridium_asparagiforme
s__Anaeromassilibacillus_sp_An250	k__Bacteria	p__Firmicutes	c__Clostridia	o__Clostridiales	f__Ruminococcaceae	g__Anaeromassilibacillus	s__Anaeromassilibacillus_sp_An250
s__Parabacteroides_gordonii	k__Bacteria	p__Bacteroidetes	c__Bacteroidia	o__Bacteroidales	f__Tannerellaceae	g__Parabacteroides	s__Parabacteroides_gordonii
s__Enterorhabdus_caecimuris	k__Bacteria	p__Actinobacteria	c__Coriobacteriia	o__Eggerthellales	f__Eggerthellaceae	g__Enterorhabdus	s__Enterorhabdus_caecimuris
s__Roseburia_sp_CAG_182	k__Bacteria	p__Firmicutes	c__Clostridia	o__Clostridiales	f__Lachnospiraceae	g__Roseburia	s__Roseburia_sp_CAG_182
s__Bifidobacterium_longum	k__Bacteria	p__Actinobacteria	c__Actinobacteria	o__Bifidobacteriales	f__Bifidobacteriaceae	g__Bifidobacterium	s__Bifidobacterium_longum
s__Bacteroides_dorei	k__Bacteria	p__Bacteroidetes	c__Bacteroidia	o__Bacteroidales	f__Bacteroidaceae	g__Bacteroides	s__Bacteroides_dorei
s__Eubacterium_sulci	k__Bacteria	p__Firmicutes	c__Clostridia	o__Clostridiales	f__Clostridiales_Family_XIII_Incertae_Sedis	g__Clostridiales_Family_XIII_Incertae_Sedis_unclassified	s__Eubacterium_sulci
s__Intestinimonas_butyriciproducens	k__Bacteria	p__Firmicutes	c__Clostridia	o__Clostridiales	f__Clostridiales_unclassified	g__Intestinimonas	s__Intestinimonas_butyriciproducens
s__Eubacterium_limosum	k__Bacteria	p__Firmicutes	c__Clostridia	o__Clostridiales	f__Eubacteriaceae	g__Eubacterium	s__Eubacterium_limosum
s__Proteus_hauseri	k__Bacteria	p__Proteobacteria	c__Gammaproteobacteria	o__Enterobacterales	f__Morganellaceae	g__Proteus	s__Proteus_hauseri
s__Megamonas_hypermegale	k__Bacteria	p__Firmicutes	c__Negativicutes	o__Selenomonadales	f__Selenomonadaceae	g__Megamonas	s__Megamonas_hypermegale
s__Bacteroides_coprocola	k__Bacteria	p__Bacteroidetes	c__Bacteroidia	o__Bacteroidales	f__Bacteroidaceae	g__Bacteroides	s__Bacteroides_coprocola
s__Faecalitalea_cylindroides	k__Bacteria	p__Firmicutes	c__Erysipelotrichia	o__Erysipelotrichales	f__Erysipelotrichaceae	g__Faecalitalea	s__Faecalitalea_cylindroides
s__Enorma_massiliensis	k__Bacteria	p__Actinobacteria	c__Coriobacteriia	o__Coriobacteriales	f__Coriobacteriaceae	g__Enorma	s__Enorma_massiliensis
s__Bacteroides_nordii	k__Bacteria	p__Bacteroidetes	c__Bacteroidia	o__Bacteroidales	f__Bacteroidaceae	g__Bacteroides	s__Bacteroides_nordii
s__Bifidobacterium_pseudocatenulatum	k__Bacteria	p__Actinobacteria	c__Actinobacteria	o__Bifidobacteriales	f__Bifidobacteriaceae	g__Bifidobacterium	s__Bifidobacterium_pseudocatenulatum
s__Sharpea_azabuensis	k__Bacteria	p__Firmicutes	c__Bacilli	o__Lactobacillales	f__Lactobacillaceae	g__Sharpea	s__Sharpea_azabuensis
s__Gemella_haemolysans	k__Bacteria	p__Firmicutes	c__Bacilli	o__Bacillales	f__Bacillales_unclassified	g__Gemella	s__Gemella_haemolysans
s__Streptococcus_parasanguinis	k__Bacteria	p__Firmicutes	c__Bacilli	o__Lactobacillales	f__Streptococcaceae	g__Streptococcus	s__Streptococcus_parasanguinis
s__Roseburia_faecis	k__Bacteria	p__Firmicutes	c__Clostridia	o__Clostridiales	f__Lachnospiraceae	g__Roseburia	s__Roseburia_faecis
s__Denitrobacterium_detoxificans	k__Bacteria	p__Actinobacteria	c__Coriobacteriia	o__Eggerthellales	f__Eggerthellaceae	g__Denitrobacterium	s__Denitrobacterium_detoxificans
s__Eubacterium_sp_CAG_38	k__Bacteria	p__Firmicutes	c__Clostridia	o__Clostridiales	f__Eubacteriaceae	g__Eubacterium	s__Eubacterium_sp_CAG_38
s__Ruminococcus_callidus	k__Bacteria	p__Firmicutes	c__Clostridia	o__Clostridiales	f__Ruminococcaceae	g__Ruminococcus	s__Ruminococcus_callidus
s__Eisenbergiella_tayi	k__Bacteria	p__Firmicutes	c__Clostridia	o__Clostridiales	f__Lachnospiraceae	g__Eisenbergiella	s__Eisenbergiella_tayi
s__Bacteroides_sp_D2	k__Bacteria	p__Bacteroidetes	c__Bacteroidia	o__Bacteroidales	f__Bacteroidaceae	g__Bacteroides	s__Bacteroides_sp_D2
s__Cardiobacterium_hominis	k__Bacteria	p__Proteobacteria	c__Gammaproteobacteria	o__Cardiobacteriales	f__Cardiobacteriaceae	g__Cardiobacterium	s__Cardiobacterium_hominis
s__Eubacterium_yurii	k__Bacteria	p__Firmicutes	c__Clostridia	o__Clostridiales	f__Peptostreptococcaceae	g__Peptoanaerobacter	s__Eubacterium_yurii
s__Clostridium_perfringens	k__Bacteria	p__Firmicutes	c__Clostridia	o__Clostridiales	f__Clostridiaceae	g__Clostridium	s__Clostridium_perfringens
s__Parabacteroides_sp_426_9	k__Bacteria	p__Bacteroidetes	c__Bacteroidia	o__Bacteroidales	f__Tannerellaceae	g__Parabacteroides	s__Parabacteroides_sp_426_9
s__Eubacterium_sp_OM08_24	k__Bacteria	p__Firmicutes	c__Clostridia	o__Clostridiales	f__Eubacteriaceae	g__Eubacterium	s__Eubacterium_sp_OM08_24
s__Ruminococcus_gnavus	k__Bacteria	p__Firmicutes	c__Clostridia	o__Clostridiales	f__Lachnospiraceae	g__Blautia	s__Ruminococcus_gnavus
s__Flavonifractor_plautii	k__Bacteria	p__Firmicutes	c__Clostridia	o__Clostridiales	f__Ruminococcaceae	g__Flavonifractor	s__Flavonifractor_plautii
s__Fusobacterium_nucleatum	k__Bacteria	p__Fusobacteria	c__Fusobacteriia	o__Fusobacteriales	f__Fusobacteriaceae	g__Fusobacterium	s__Fusobacterium_nucleatum
s__Phascolarctobacterium_faecium	k__Bacteria	p__Firmicutes	c__Negativicutes	o__Acidaminococcales	f__Acidaminococcaceae	g__Phascolarctobacterium	s__Phascolarctobacterium_faecium
s__Eggerthella_lenta	k__Bacteria	p__Actinobacteria	c__Coriobacteriia	o__Eggerthellales	f__Eggerthellaceae	g__Eggerthella	s__Eggerthella_lenta
s__Eubacterium_ventriosum	k__Bacteria	p__Firmicutes	c__Clostridia	o__Clostridiales	f__Eubacteriaceae	g__Eubacterium	s__Eubacterium_ventriosum
s__Haemophilus_parainfluenzae	k__Bacteria	p__Proteobacteria	c__Gammaproteobacteria	o__Pasteurellales	f__Pasteurellaceae	g__Haemophilus	s__Haemophilus_parainfluenzae
s__Intestinibacter_bartlettii	k__Bacteria	p__Firmicutes	c__Clostridia	o__Clostridiales	f__Peptostreptococcaceae	g__Intestinibacter	s__Intestinibacter_bartlettii
s__Eisenbergiella_massiliensis	k__Bacteria	p__Firmicutes	c__Clostridia	o__Clostridiales	f__Lachnospiraceae	g__Eisenbergiella	s__Eisenbergiella_massiliensis
s__Dielma_fastidiosa	k__Bacteria	p__Firmicutes	c__Erysipelotrichia	o__Erysipelotrichales	f__Erysipelotrichaceae	g__Dielma	s__Dielma_fastidiosa
s__Alistipes_indistinctus	k__Bacteria	p__Bacteroidetes	c__Bacteroidia	o__Bacteroidales	f__Rikenellaceae	g__Alistipes	s__Alistipes_indistinctus
s__Erysipelatoclostridium_ramosum	k__Bacteria	p__Firmicutes	c__Erysipelotrichia	o__Erysipelotrichales	f__Erysipelotrichaceae	g__Erysipelatoclostridium	s__Erysipelatoclostridium_ramosum
s__Clostridium_bolteae	k__Bacteria	p__Firmicutes	c__Clostridia	o__Clostridiales	f__Lachnospiraceae	g__Lachnoclostridium	s__Clostridium_bolteae
s__Clostridium_saccharolyticum	k__Bacteria	p__Firmicutes	c__Clostridia	o__Clostridiales	f__Lachnospiraceae	g__Lachnoclostridium	s__Clostridium_saccharolyticum
s__Anaerotruncus_colihominis	k__Bacteria	p__Firmicutes	c__Clostridia	o__Clostridiales	f__Ruminococcaceae	g__Anaerotruncus	s__Anaerotruncus_colihominis
s__Catabacter_hongkongensis	k__Bacteria	p__Firmicutes	c__Clostridia	o__Clostridiales	f__Catabacteriaceae	g__Catabacter	s__Catabacter_hongkongensis
s__Streptococcus_gordonii	k__Bacteria	p__Firmicutes	c__Bacilli	o__Lactobacillales	f__Streptococcaceae	g__Streptococcus	s__Streptococcus_gordonii
s__Coprobacillus_cateniformis	k__Bacteria	p__Firmicutes	c__Erysipelotrichia	o__Erysipelotrichales	f__Erysipelotrichaceae	g__Coprobacillus	s__Coprobacillus_cateniformis
s__Christensenella_minuta	k__Bacteria	p__Firmicutes	c__Clostridia	o__Clostridiales	f__Christensenellaceae	g__Christensenella	s__Christensenella_minuta
s__Hungatella_hathewayi	k__Bacteria	p__Firmicutes	c__Clostridia	o__Clostridiales	f__Clostridiaceae	g__Hungatella	s__Hungatella_hathewayi
s__Ruminococcaceae_bacterium_D16	k__Bacteria	p__Firmicutes	c__Clostridia	o__Clostridiales	f__Ruminococcaceae	g__Ruminococcaceae_unclassified	s__Ruminococcaceae_bacterium_D16
s__Turicibacter_sanguinis	k__Bacteria	p__Firmicutes	c__Erysipelotrichia	o__Erysipelotrichales	f__Erysipelotrichaceae	g__Turicibacter	s__Turicibacter_sanguinis
s__Clostridium_disporicum	k__Bacteria	p__Firmicutes	c__Clostridia	o__Clostridiales	f__Clostridiaceae	g__Clostridium	s__Clostridium_disporicum
s__Streptococcus_sp_A12	k__Bacteria	p__Firmicutes	c__Bacilli	o__Lactobacillales	f__Streptococcaceae	g__Streptococcus	s__Streptococcus_sp_A12
s__Clostridium_clostridioforme	k__Bacteria	p__Firmicutes	c__Clostridia	o__Clostridiales	f__Lachnospiraceae	g__Lachnoclostridium	s__Clostridium_clostridioforme
s__Weissella_cibaria	k__Bacteria	p__Firmicutes	c__Bacilli	o__Lactobacillales	f__Leuconostocaceae	g__Weissella	s__Weissella_cibaria
s__Streptococcus_australis	k__Bacteria	p__Firmicutes	c__Bacilli	o__Lactobacillales	f__Streptococcaceae	g__Streptococcus	s__Streptococcus_australis
s__Clostridium_innocuum	k__Bacteria	p__Firmicutes	c__Erysipelotrichia	o__Erysipelotrichales	f__Erysipelotrichaceae	g__Erysipelatoclostridium	s__Clostridium_innocuum
s__Megasphaera_elsdenii	k__Bacteria	p__Firmicutes	c__Negativicutes	o__Veillonellales	f__Veillonellaceae	g__Megasphaera	s__Megasphaera_elsdenii
s__Streptococcus_oralis	k__Bacteria	p__Firmicutes	c__Bacilli	o__Lactobacillales	f__Streptococcaceae	g__Streptococcus	s__Streptococcus_oralis
s__Blautia_hansenii	k__Bacteria	p__Firmicutes	c__Clostridia	o__Clostridiales	f__Lachnospiraceae	g__Blautia	s__Blautia_hansenii
s__Clostridiales_bacterium_1_7_47FAA	k__Bacteria	p__Firmicutes	c__Clostridia	o__Clostridiales	f__Clostridiales_unclassified	g__Clostridiales_unclassified	s__Clostridiales_bacterium_1_7_47FAA
s__Streptococcus_infantis	k__Bacteria	p__Firmicutes	c__Bacilli	o__Lactobacillales	f__Streptococcaceae	g__Streptococcus	s__Streptococcus_infantis
s__Fretibacterium_fastidiosum	k__Bacteria	p__Synergistetes	c__Synergistia	o__Synergistales	f__Synergistaceae	g__Fretibacterium	s__Fretibacterium_fastidiosum
s__Streptococcus_agalactiae	k__Bacteria	p__Firmicutes	c__Bacilli	o__Lactobacillales	f__Streptococcaceae	g__Streptococcus	s__Streptococcus_agalactiae
s__Romboutsia_ilealis	k__Bacteria	p__Firmicutes	c__Clostridia	o__Clostridiales	f__Peptostreptococcaceae	g__Romboutsia	s__Romboutsia_ilealis
s__Veillonella_infantium	k__Bacteria	p__Firmicutes	c__Negativicutes	o__Veillonellales	f__Veillonellaceae	g__Veillonella	s__Veillonella_infantium
s__Prevotella_sp_oral_taxon_473	k__Bacteria	p__Bacteroidetes	c__Bacteroidia	o__Bacteroidales	f__Prevotellaceae	g__Alloprevotella	s__Prevotella_sp_oral_taxon_473
s__Parasutterella_excrementihominis	k__Bacteria	p__Proteobacteria	c__Betaproteobacteria	o__Burkholderiales	f__Sutterellaceae	g__Parasutterella	s__Parasutterella_excrementihominis
s__Porphyromonas_asaccharolytica	k__Bacteria	p__Bacteroidetes	c__Bacteroidia	o__Bacteroidales	f__Porphyromonadaceae	g__Porphyromonas	s__Porphyromonas_asaccharolytica
s__Coprococcus_eutactus	k__Bacteria	p__Firmicutes	c__Clostridia	o__Clostridiales	f__Lachnospiraceae	g__Coprococcus	s__Coprococcus_eutactus
s__Prevotella_sp_CAG_279	k__Bacteria	p__Bacteroidetes	c__Bacteroidia	o__Bacteroidales	f__Prevotellaceae	g__Prevotella	s__Prevotella_sp_CAG_279
s__Lachnospira_pectinoschiza	k__Bacteria	p__Firmicutes	c__Clostridia	o__Clostridiales	f__Lachnospiraceae	g__Lachnospira	s__Lachnospira_pectinoschiza
s__Prevotella_sp_CAG_5226	k__Bacteria	p__Bacteroidetes	c__Bacteroidia	o__Bacteroidales	f__Prevotellaceae	g__Prevotella	s__Prevotella_sp_CAG_5226
s__Fusobacterium_sp_oral_taxon_370	k__Bacteria	p__Fusobacteria	c__Fusobacteriia	o__Fusobacteriales	f__Fusobacteriaceae	g__Fusobacterium	s__Fusobacterium_sp_oral_taxon_370
s__Mitsuokella_multacida	k__Bacteria	p__Firmicutes	c__Negativicutes	o__Selenomonadales	f__Selenomonadaceae	g__Mitsuokella	s__Mitsuokella_multacida
s__Anaerococcus_vaginalis	k__Bacteria	p__Firmicutes	c__Tissierellia	o__Tissierellales	f__Peptoniphilaceae	g__Anaerococcus	s__Anaerococcus_vaginalis
s__Bacteroides_salyersiae	k__Bacteria	p__Bacteroidetes	c__Bacteroidia	o__Bacteroidales	f__Bacteroidaceae	g__Bacteroides	s__Bacteroides_salyersiae
s__Bacteroides_eggerthii	k__Bacteria	p__Bacteroidetes	c__Bacteroidia	o__Bacteroidales	f__Bacteroidaceae	g__Bacteroides	s__Bacteroides_eggerthii
s__Lactobacillus_rogosae	k__Bacteria	p__Firmicutes	c__Bacilli	o__Lactobacillales	f__Lactobacillaceae	g__Lactobacillus	s__Lactobacillus_rogosae
s__Actinomyces_sp_oral_taxon_181	k__Bacteria	p__Actinobacteria	c__Actinobacteria	o__Actinomycetales	f__Actinomycetaceae	g__Actinomyces	s__Actinomyces_sp_oral_taxon_181
s__Bifidobacterium_dentium	k__Bacteria	p__Actinobacteria	c__Actinobacteria	o__Bifidobacteriales	f__Bifidobacteriaceae	g__Bifidobacterium	s__Bifidobacterium_dentium
s__Alloscardovia_omnicolens	k__Bacteria	p__Actinobacteria	c__Actinobacteria	o__Bifidobacteriales	f__Bifidobacteriaceae	g__Alloscardovia	s__Alloscardovia_omnicolens
s__Mogibacterium_diversum	k__Bacteria	p__Firmicutes	c__Clostridia	o__Clostridiales	f__Clostridiales_Family_XIII_Incertae_Sedis	g__Mogibacterium	s__Mogibacterium_diversum
s__Streptococcus_vestibularis	k__Bacteria	p__Firmicutes	c__Bacilli	o__Lactobacillales	f__Streptococcaceae	g__Streptococcus	s__Streptococcus_vestibularis
s__Aeriscardovia_aeriphila	k__Bacteria	p__Actinobacteria	c__Actinobacteria	o__Bifidobacteriales	f__Bifidobacteriaceae	g__Aeriscardovia	s__Aeriscardovia_aeriphila
s__Bacteroides_galacturonicus	k__Bacteria	p__Bacteroidetes	c__Bacteroidia	o__Bacteroidales	f__Bacteroidaceae	g__Bacteroides	s__Bacteroides_galacturonicus
s__Actinomyces_odontolyticus	k__Bacteria	p__Actinobacteria	c__Actinobacteria	o__Actinomycetales	f__Actinomycetaceae	g__Actinomyces	s__Actinomyces_odontolyticus
s__Actinomyces_sp_HMSC035G02	k__Bacteria	p__Actinobacteria	c__Actinobacteria	o__Actinomycetales	f__Actinomycetaceae	g__Actinomyces	s__Actinomyces_sp_HMSC035G02
s__Sellimonas_intestinalis	k__Bacteria	p__Firmicutes	c__Clostridia	o__Clostridiales	f__Lachnospiraceae	g__Sellimonas	s__Sellimonas_intestinalis
s__Actinomyces_sp_S6_Spd3	k__Bacteria	p__Actinobacteria	c__Actinobacteria	o__Actinomycetales	f__Actinomycetaceae	g__Actinomyces	s__Actinomyces_sp_S6_Spd3
s__Streptococcus_sp_HPH0090	k__Bacteria	p__Firmicutes	c__Bacilli	o__Lactobacillales	f__Streptococcaceae	g__Streptococcus	s__Streptococcus_sp_HPH0090
s__Bacteroides_coprophilus	k__Bacteria	p__Bacteroidetes	c__Bacteroidia	o__Bacteroidales	f__Bacteroidaceae	g__Bacteroides	s__Bacteroides_coprophilus
s__Fusobacterium_periodonticum	k__Bacteria	p__Fusobacteria	c__Fusobacteriia	o__Fusobacteriales	f__Fusobacteriaceae	g__Fusobacterium	s__Fusobacterium_periodonticum
s__Paraprevotella_clara	k__Bacteria	p__Bacteroidetes	c__Bacteroidia	o__Bacteroidales	f__Prevotellaceae	g__Paraprevotella	s__Paraprevotella_clara
s__Gemella_asaccharolytica	k__Bacteria	p__Firmicutes	c__Bacilli	o__Bacillales	f__Bacillales_unclassified	g__Gemella	s__Gemella_asaccharolytica
s__Actinomyces_sp_oral_taxon_448	k__Bacteria	p__Actinobacteria	c__Actinobacteria	o__Actinomycetales	f__Actinomycetaceae	g__Actinomyces	s__Actinomyces_sp_oral_taxon_448
s__Clostridium_scindens	k__Bacteria	p__Firmicutes	c__Clostridia	o__Clostridiales	f__Lachnospiraceae	g__Lachnoclostridium	s__Clostridium_scindens
s__Prevotella_timonensis	k__Bacteria	p__Bacteroidetes	c__Bacteroidia	o__Bacteroidales	f__Prevotellaceae	g__Prevotella	s__Prevotella_timonensis
s__Prevotella_sp_CAG_1031	k__Bacteria	p__Bacteroidetes	c__Bacteroidia	o__Bacteroidales	f__Prevotellaceae	g__Prevotella	s__Prevotella_sp_CAG_1031
s__Eubacterium_sp_CAG_251	k__Bacteria	p__Firmicutes	c__Clostridia	o__Clostridiales	f__Eubacteriaceae	g__Eubacterium	s__Eubacterium_sp_CAG_251
s__Peptostreptococcus_anaerobius	k__Bacteria	p__Firmicutes	c__Clostridia	o__Clostridiales	f__Peptostreptococcaceae	g__Peptostreptococcus	s__Peptostreptococcus_anaerobius
s__Peptoniphilus_harei	k__Bacteria	p__Firmicutes	c__Tissierellia	o__Tissierellales	f__Peptoniphilaceae	g__Peptoniphilus	s__Peptoniphilus_harei
s__Streptococcus_pasteurianus	k__Bacteria	p__Firmicutes	c__Bacilli	o__Lactobacillales	f__Streptococcaceae	g__Streptococcus	s__Streptococcus_pasteurianus
s__Holdemanella_biformis	k__Bacteria	p__Firmicutes	c__Erysipelotrichia	o__Erysipelotrichales	f__Erysipelotrichaceae	g__Holdemanella	s__Holdemanella_biformis
s__Blautia_producta	k__Bacteria	p__Firmicutes	c__Clostridia	o__Clostridiales	f__Lachnospiraceae	g__Blautia	s__Blautia_producta
s__Slackia_exigua	k__Bacteria	p__Actinobacteria	c__Coriobacteriia	o__Eggerthellales	f__Eggerthellaceae	g__Slackia	s__Slackia_exigua
s__Coprobacter_fastidiosus	k__Bacteria	p__Bacteroidetes	c__Bacteroidia	o__Bacteroidales	f__Barnesiellaceae	g__Coprobacter	s__Coprobacter_fastidiosus
s__Bacteroides_finegoldii	k__Bacteria	p__Bacteroidetes	c__Bacteroidia	o__Bacteroidales	f__Bacteroidaceae	g__Bacteroides	s__Bacteroides_finegoldii
s__Candidatus_Stoquefichus_sp_KLE1796	k__Bacteria	p__Firmicutes	c__Erysipelotrichia	o__Erysipelotrichales	f__Erysipelotrichaceae	g__Candidatus_Stoquefichus	s__Candidatus_Stoquefichus_sp_KLE1796
s__Clostridium_lavalense	k__Bacteria	p__Firmicutes	c__Clostridia	o__Clostridiales	f__Lachnospiraceae	g__Lachnoclostridium	s__Clostridium_lavalense
s__Clostridium_methylpentosum	k__Bacteria	p__Firmicutes	c__Clostridia	o__Clostridiales	f__Ruminococcaceae	g__Ruminococcaceae_unclassified	s__Clostridium_methylpentosum
s__Prevotella_stercorea	k__Bacteria	p__Bacteroidetes	c__Bacteroidia	o__Bacteroidales	f__Prevotellaceae	g__Prevotella	s__Prevotella_stercorea
s__Blautia_coccoides	k__Bacteria	p__Firmicutes	c__Clostridia	o__Clostridiales	f__Lachnospiraceae	g__Blautia	s__Blautia_coccoides
s__Actinomyces_graevenitzii	k__Bacteria	p__Actinobacteria	c__Actinobacteria	o__Actinomycetales	f__Actinomycetaceae	g__Actinomyces	s__Actinomyces_graevenitzii
s__Butyricimonas_synergistica	k__Bacteria	p__Bacteroidetes	c__Bacteroidia	o__Bacteroidales	f__Odoribacteraceae	g__Butyricimonas	s__Butyricimonas_synergistica
s__Clostridium_aldenense	k__Bacteria	p__Firmicutes	c__Clostridia	o__Clostridiales	f__Lachnospiraceae	g__Lachnoclostridium	s__Clostridium_aldenense
s__Blautia_sp_CAG_257	k__Bacteria	p__Firmicutes	c__Clostridia	o__Clostridiales	f__Lachnospiraceae	g__Blautia	s__Blautia_sp_CAG_257
s__Lactococcus_piscium	k__Bacteria	p__Firmicutes	c__Bacilli	o__Lactobacillales	f__Streptococcaceae	g__Lactococcus	s__Lactococcus_piscium
s__Propionibacterium_acidifaciens	k__Bacteria	p__Actinobacteria	c__Actinobacteria	o__Propionibacteriales	f__Propionibacteriaceae	g__Propionibacterium	s__Propionibacterium_acidifaciens
s__Alistipes_onderdonkii	k__Bacteria	p__Bacteroidetes	c__Bacteroidia	o__Bacteroidales	f__Rikenellaceae	g__Alistipes	s__Alistipes_onderdonkii
s__Leuconostoc_citreum	k__Bacteria	p__Firmicutes	c__Bacilli	o__Lactobacillales	f__Leuconostocaceae	g__Leuconostoc	s__Leuconostoc_citreum
s__Lactonifactor_longoviformis	k__Bacteria	p__Firmicutes	c__Clostridia	o__Clostridiales	f__Clostridiaceae	g__Lactonifactor	s__Lactonifactor_longoviformis
s__Streptococcus_cristatus	k__Bacteria	p__Firmicutes	c__Bacilli	o__Lactobacillales	f__Streptococcaceae	g__Streptococcus	s__Streptococcus_cristatus
s__Eubacterium_infirmum	k__Bacteria	p__Firmicutes	c__Clostridia	o__Clostridiales	f__Clostridiales_Family_XIII_Incertae_Sedis	g__Clostridiales_Family_XIII_Incertae_Sedis_unclassified	s__Eubacterium_infirmum
s__Dialister_sp_CAG_357	k__Bacteria	p__Firmicutes	c__Negativicutes	o__Veillonellales	f__Veillonellaceae	g__Dialister	s__Dialister_sp_CAG_357
s__Ruminococcus_lactaris	k__Bacteria	p__Firmicutes	c__Clostridia	o__Clostridiales	f__Ruminococcaceae	g__Ruminococcus	s__Ruminococcus_lactaris
s__Clostridium_spiroforme	k__Bacteria	p__Firmicutes	c__Erysipelotrichia	o__Erysipelotrichales	f__Erysipelotrichaceae	g__Erysipelatoclostridium	s__Clostridium_spiroforme
s__Coprobacter_secundus	k__Bacteria	p__Bacteroidetes	c__Bacteroidia	o__Bacteroidales	f__Barnesiellaceae	g__Coprobacter	s__Coprobacter_secundus
s__Roseburia_sp_CAG_303	k__Bacteria	p__Firmicutes	c__Clostridia	o__Clostridiales	f__Lachnospiraceae	g__Roseburia	s__Roseburia_sp_CAG_303
s__Roseburia_sp_CAG_309	k__Bacteria	p__Firmicutes	c__Clostridia	o__Clostridiales	f__Lachnospiraceae	g__Roseburia	s__Roseburia_sp_CAG_309
s__Mogibacterium_timidum	k__Bacteria	p__Firmicutes	c__Clostridia	o__Clostridiales	f__Clostridiales_Family_XIII_Incertae_Sedis	g__Mogibacterium	s__Mogibacterium_timidum
s__Treponema_denticola	k__Bacteria	p__Spirochaetes	c__Spirochaetia	o__Spirochaetales	f__Spirochaetaceae	g__Treponema	s__Treponema_denticola
s__Klebsiella_aerogenes	k__Bacteria	p__Proteobacteria	c__Gammaproteobacteria	o__Enterobacterales	f__Enterobacteriaceae	g__Klebsiella	s__Klebsiella_aerogenes
s__Megamonas_rupellensis	k__Bacteria	p__Firmicutes	c__Negativicutes	o__Selenomonadales	f__Selenomonadaceae	g__Megamonas	s__Megamonas_rupellensis
s__Dorea_sp_CAG_317	k__Bacteria	p__Firmicutes	c__Clostridia	o__Clostridiales	f__Lachnospiraceae	g__Dorea	s__Dorea_sp_CAG_317
s__Eubacterium_sp_CAG_274	k__Bacteria	p__Firmicutes	c__Clostridia	o__Clostridiales	f__Eubacteriaceae	g__Eubacterium	s__Eubacterium_sp_CAG_274
s__Lactobacillus_mucosae	k__Bacteria	p__Firmicutes	c__Bacilli	o__Lactobacillales	f__Lactobacillaceae	g__Lactobacillus	s__Lactobacillus_mucosae
s__Dialister_succinatiphilus	k__Bacteria	p__Firmicutes	c__Negativicutes	o__Veillonellales	f__Veillonellaceae	g__Dialister	s__Dialister_succinatiphilus
s__Prevotella_sp_CAG_617	k__Bacteria	p__Bacteroidetes	c__Bacteroidia	o__Bacteroidales	f__Prevotellaceae	g__Prevotella	s__Prevotella_sp_CAG_617
s__Veillonella_atypica	k__Bacteria	p__Firmicutes	c__Negativicutes	o__Veillonellales	f__Veillonellaceae	g__Veillonella	s__Veillonella_atypica
s__Clostridium_ventriculi	k__Bacteria	p__Firmicutes	c__Clostridia	o__Clostridiales	f__Clostridiaceae	g__Clostridium	s__Clostridium_ventriculi
s__Parabacteroides_sp_CAG_409	k__Bacteria	p__Bacteroidetes	c__Bacteroidia	o__Bacteroidales	f__Tannerellaceae	g__Parabacteroides	s__Parabacteroides_sp_CAG_409
s__Enterococcus_faecium	k__Bacteria	p__Firmicutes	c__Bacilli	o__Lactobacillales	f__Enterococcaceae	g__Enterococcus	s__Enterococcus_faecium
s__Atopobium_deltae	k__Bacteria	p__Actinobacteria	c__Coriobacteriia	o__Coriobacteriales	f__Atopobiaceae	g__Atopobium	s__Atopobium_deltae
s__Porphyromonas_sp_HMSC065F10	k__Bacteria	p__Bacteroidetes	c__Bacteroidia	o__Bacteroidales	f__Porphyromonadaceae	g__Porphyromonas	s__Porphyromonas_sp_HMSC065F10
s__Parabacteroides_johnsonii	k__Bacteria	p__Bacteroidetes	c__Bacteroidia	o__Bacteroidales	f__Tannerellaceae	g__Parabacteroides	s__Parabacteroides_johnsonii
s__Streptococcus_mitis	k__Bacteria	p__Firmicutes	c__Bacilli	o__Lactobacillales	f__Streptococcaceae	g__Streptococcus	s__Streptococcus_mitis
s__Prevotella_bivia	k__Bacteria	p__Bacteroidetes	c__Bacteroidia	o__Bacteroidales	f__Prevotellaceae	g__Prevotella	s__Prevotella_bivia
s__Enterococcus_faecalis	k__Bacteria	p__Firmicutes	c__Bacilli	o__Lactobacillales	f__Enterococcaceae	g__Enterococcus	s__Enterococcus_faecalis
s__Scardovia_wiggsiae	k__Bacteria	p__Actinobacteria	c__Actinobacteria	o__Bifidobacteriales	f__Bifidobacteriaceae	g__Scardovia	s__Scardovia_wiggsiae
s__Actinomyces_sp_HPA0247	k__Bacteria	p__Actinobacteria	c__Actinobacteria	o__Actinomycetales	f__Actinomycetaceae	g__Actinomyces	s__Actinomyces_sp_HPA0247
s__Firmicutes_bacterium_CAG_94	k__Bacteria	p__Firmicutes	c__Firmicutes_unclassified	o__Firmicutes_unclassified	f__Firmicutes_unclassified	g__Firmicutes_unclassified	s__Firmicutes_bacterium_CAG_94
s__Abiotrophia_sp_HMSC24B09	k__Bacteria	p__Firmicutes	c__Bacilli	o__Lactobacillales	f__Aerococcaceae	g__Abiotrophia	s__Abiotrophia_sp_HMSC24B09
s__Butyricicoccus_pullicaecorum	k__Bacteria	p__Firmicutes	c__Clostridia	o__Clostridiales	f__Clostridiaceae	g__Butyricicoccus	s__Butyricicoccus_pullicaecorum
s__Fusobacterium_mortiferum	k__Bacteria	p__Fusobacteria	c__Fusobacteriia	o__Fusobacteriales	f__Fusobacteriaceae	g__Fusobacterium	s__Fusobacterium_mortiferum
s__Rothia_mucilaginosa	k__Bacteria	p__Actinobacteria	c__Actinobacteria	o__Micrococcales	f__Micrococcaceae	g__Rothia	s__Rothia_mucilaginosa
s__Aggregatibacter_segnis	k__Bacteria	p__Proteobacteria	c__Gammaproteobacteria	o__Pasteurellales	f__Pasteurellaceae	g__Aggregatibacter	s__Aggregatibacter_segnis
s__Acidaminococcus_sp_CAG_542	k__Bacteria	p__Firmicutes	c__Negativicutes	o__Acidaminococcales	f__Acidaminococcaceae	g__Acidaminococcus	s__Acidaminococcus_sp_CAG_542
s__Clostridioides_difficile	k__Bacteria	p__Firmicutes	c__Clostridia	o__Clostridiales	f__Peptostreptococcaceae	g__Clostridioides	s__Clostridioides_difficile
s__Shewanella_algae	k__Bacteria	p__Proteobacteria	c__Gammaproteobacteria	o__Alteromonadales	f__Shewanellaceae	g__Shewanella	s__Shewanella_algae
s__Clostridium_bolteae_CAG_59	k__Bacteria	p__Firmicutes	c__Clostridia	o__Clostridiales	f__Clostridiaceae	g__Clostridium	s__Clostridium_bolteae_CAG_59
s__Subdoligranulum_variabile	k__Bacteria	p__Firmicutes	c__Clostridia	o__Clostridiales	f__Ruminococcaceae	g__Subdoligranulum	s__Subdoligranulum_variabile
s__Lautropia_mirabilis	k__Bacteria	p__Proteobacteria	c__Betaproteobacteria	o__Burkholderiales	f__Burkholderiaceae	g__Lautropia	s__Lautropia_mirabilis
s__Acidaminococcus_fermentans	k__Bacteria	p__Firmicutes	c__Negativicutes	o__Acidaminococcales	f__Acidaminococcaceae	g__Acidaminococcus	s__Acidaminococcus_fermentans
s__Desulfovibrio_sp_An276	k__Bacteria	p__Proteobacteria	c__Deltaproteobacteria	o__Desulfovibrionales	f__Desulfovibrionaceae	g__Desulfovibrio	s__Desulfovibrio_sp_An276
s__Turicimonas_muris	k__Bacteria	p__Proteobacteria	c__Betaproteobacteria	o__Burkholderiales	f__Sutterellaceae	g__Turicimonas	s__Turicimonas_muris
s__Proteobacteria_bacterium_CAG_139	k__Bacteria	p__Proteobacteria	c__Proteobacteria_unclassified	o__Proteobacteria_unclassified	f__Proteobacteria_unclassified	g__Proteobacteria_unclassified	s__Proteobacteria_bacterium_CAG_139
s__Tyzzerella_nexilis	k__Bacteria	p__Firmicutes	c__Clostridia	o__Clostridiales	f__Lachnospiraceae	g__Tyzzerella	s__Tyzzerella_nexilis
s__Bacteroides_clarus	k__Bacteria	p__Bacteroidetes	c__Bacteroidia	o__Bacteroidales	f__Bacteroidaceae	g__Bacteroides	s__Bacteroides_clarus
s__Fusobacterium_varium	k__Bacteria	p__Fusobacteria	c__Fusobacteriia	o__Fusobacteriales	f__Fusobacteriaceae	g__Fusobacterium	s__Fusobacterium_varium
s__Phascolarctobacterium_sp_CAG_266	k__Bacteria	p__Firmicutes	c__Negativicutes	o__Acidaminococcales	f__Acidaminococcaceae	g__Phascolarctobacterium	s__Phascolarctobacterium_sp_CAG_266
s__Bacteroides_faecichinchillae	k__Bacteria	p__Bacteroidetes	c__Bacteroidia	o__Bacteroidales	f__Bacteroidaceae	g__Bacteroides	s__Bacteroides_faecichinchillae
s__Clostridium_sp_chh4_2	k__Bacteria	p__Firmicutes	c__Clostridia	o__Clostridiales	f__Clostridiaceae	g__Clostridium	s__Clostridium_sp_chh4_2
s__Lactobacillus_paragasseri	k__Bacteria	p__Firmicutes	c__Bacilli	o__Lactobacillales	f__Lactobacillaceae	g__Lactobacillus	s__Lactobacillus_paragasseri
s__Lactobacillus_salivarius	k__Bacteria	p__Firmicutes	c__Bacilli	o__Lactobacillales	f__Lactobacillaceae	g__Lactobacillus	s__Lactobacillus_salivarius
s__Anaerotignum_lactatifermentans	k__Bacteria	p__Firmicutes	c__Clostridia	o__Clostridiales	f__Lachnospiraceae	g__Anaerotignum	s__Anaerotignum_lactatifermentans
s__Veillonella_sp_T11011_6	k__Bacteria	p__Firmicutes	c__Negativicutes	o__Veillonellales	f__Veillonellaceae	g__Veillonella	s__Veillonella_sp_T11011_6
s__Veillonella_dispar	k__Bacteria	p__Firmicutes	c__Negativicutes	o__Veillonellales	f__Veillonellaceae	g__Veillonella	s__Veillonella_dispar
s__Allisonella_histaminiformans	k__Bacteria	p__Firmicutes	c__Negativicutes	o__Veillonellales	f__Veillonellaceae	g__Allisonella	s__Allisonella_histaminiformans
s__Fusobacterium_ulcerans	k__Bacteria	p__Fusobacteria	c__Fusobacteriia	o__Fusobacteriales	f__Fusobacteriaceae	g__Fusobacterium	s__Fusobacterium_ulcerans
s__Streptococcus_milleri	k__Bacteria	p__Firmicutes	c__Bacilli	o__Lactobacillales	f__Streptococcaceae	g__Streptococcus	s__Streptococcus_milleri
s__Aeromonas_veronii	k__Bacteria	p__Proteobacteria	c__Gammaproteobacteria	o__Aeromonadales	f__Aeromonadaceae	g__Aeromonas	s__Aeromonas_veronii
s__Streptococcus_sp_F0442	k__Bacteria	p__Firmicutes	c__Bacilli	o__Lactobacillales	f__Streptococcaceae	g__Streptococcus	s__Streptococcus_sp_F0442
s__Megasphaera_micronuciformis	k__Bacteria	p__Firmicutes	c__Negativicutes	o__Veillonellales	f__Veillonellaceae	g__Megasphaera	s__Megasphaera_micronuciformis
s__Veillonella_tobetsuensis	k__Bacteria	p__Firmicutes	c__Negativicutes	o__Veillonellales	f__Veillonellaceae	g__Veillonella	s__Veillonella_tobetsuensis
s__Prevotella_sp_CAG_520	k__Bacteria	p__Bacteroidetes	c__Bacteroidia	o__Bacteroidales	f__Prevotellaceae	g__Prevotella	s__Prevotella_sp_CAG_520
s__Bifidobacterium_bifidum	k__Bacteria	p__Actinobacteria	c__Actinobacteria	o__Bifidobacteriales	f__Bifidobacteriaceae	g__Bifidobacterium	s__Bifidobacterium_bifidum
s__Megamonas_funiformis_CAG_377	k__Bacteria	p__Firmicutes	c__Negativicutes	o__Selenomonadales	f__Selenomonadaceae	g__Megamonas	s__Megamonas_funiformis_CAG_377
s__Enterobacter_cloacae_complex	k__Bacteria	p__Proteobacteria	c__Gammaproteobacteria	o__Enterobacterales	f__Enterobacteriaceae	g__Enterobacter	s__Enterobacter_cloacae_complex
s__Bacteroides_sp_OM08_11	k__Bacteria	p__Bacteroidetes	c__Bacteroidia	o__Bacteroidales	f__Bacteroidaceae	g__Bacteroides	s__Bacteroides_sp_OM08_11
s__Desulfovibrionaceae_bacterium	k__Bacteria	p__Proteobacteria	c__Deltaproteobacteria	o__Desulfovibrionales	f__Desulfovibrionaceae	g__Desulfovibrionaceae_unclassified	s__Desulfovibrionaceae_bacterium
s__Rothia_dentocariosa	k__Bacteria	p__Actinobacteria	c__Actinobacteria	o__Micrococcales	f__Micrococcaceae	g__Rothia	s__Rothia_dentocariosa
s__Hafnia_paralvei	k__Bacteria	p__Proteobacteria	c__Gammaproteobacteria	o__Enterobacterales	f__Hafniaceae	g__Hafnia	s__Hafnia_paralvei
s__Leuconostoc_lactis	k__Bacteria	p__Firmicutes	c__Bacilli	o__Lactobacillales	f__Leuconostocaceae	g__Leuconostoc	s__Leuconostoc_lactis
s__Klebsiella_variicola_CAG_634	k__Bacteria	p__Proteobacteria	c__Gammaproteobacteria	o__Enterobacterales	f__Enterobacteriaceae	g__Klebsiella	s__Klebsiella_variicola_CAG_634
s__Lactococcus_petauri	k__Bacteria	p__Firmicutes	c__Bacilli	o__Lactobacillales	f__Streptococcaceae	g__Lactococcus	s__Lactococcus_petauri
s__Lactococcus_garvieae	k__Bacteria	p__Firmicutes	c__Bacilli	o__Lactobacillales	f__Streptococcaceae	g__Lactococcus	s__Lactococcus_garvieae
s__Streptococcus_infantarius	k__Bacteria	p__Firmicutes	c__Bacilli	o__Lactobacillales	f__Streptococcaceae	g__Streptococcus	s__Streptococcus_infantarius
s__Clostridium_sp_CAG_253	k__Bacteria	p__Firmicutes	c__Clostridia	o__Clostridiales	f__Clostridiaceae	g__Clostridium	s__Clostridium_sp_CAG_253
s__Streptococcus_lutetiensis	k__Bacteria	p__Firmicutes	c__Bacilli	o__Lactobacillales	f__Streptococcaceae	g__Streptococcus	s__Streptococcus_lutetiensis
s__Citrobacter_youngae	k__Bacteria	p__Proteobacteria	c__Gammaproteobacteria	o__Enterobacterales	f__Enterobacteriaceae	g__Citrobacter	s__Citrobacter_youngae
s__Weissella_confusa	k__Bacteria	p__Firmicutes	c__Bacilli	o__Lactobacillales	f__Leuconostocaceae	g__Weissella	s__Weissella_confusa
s__Alistipes_inops	k__Bacteria	p__Bacteroidetes	c__Bacteroidia	o__Bacteroidales	f__Rikenellaceae	g__Alistipes	s__Alistipes_inops
s__Bacteroides_faecis_CAG_32	k__Bacteria	p__Bacteroidetes	c__Bacteroidia	o__Bacteroidales	f__Bacteroidaceae	g__Bacteroides	s__Bacteroides_faecis_CAG_32
s__Citrobacter_freundii	k__Bacteria	p__Proteobacteria	c__Gammaproteobacteria	o__Enterobacterales	f__Enterobacteriaceae	g__Citrobacter	s__Citrobacter_freundii
s__Citrobacter_portucalensis	k__Bacteria	p__Proteobacteria	c__Gammaproteobacteria	o__Enterobacterales	f__Enterobacteriaceae	g__Citrobacter	s__Citrobacter_portucalensis
s__Citrobacter_braakii	k__Bacteria	p__Proteobacteria	c__Gammaproteobacteria	o__Enterobacterales	f__Enterobacteriaceae	g__Citrobacter	s__Citrobacter_braakii
s__Raoultella_ornithinolytica	k__Bacteria	p__Proteobacteria	c__Gammaproteobacteria	o__Enterobacterales	f__Enterobacteriaceae	g__Raoultella	s__Raoultella_ornithinolytica
s__Citrobacter_pasteurii	k__Bacteria	p__Proteobacteria	c__Gammaproteobacteria	o__Enterobacterales	f__Enterobacteriaceae	g__Citrobacter	s__Citrobacter_pasteurii
s__Enterobacter_mori	k__Bacteria	p__Proteobacteria	c__Gammaproteobacteria	o__Enterobacterales	f__Enterobacteriaceae	g__Enterobacter	s__Enterobacter_mori
s__Bacteroides_sp_OM05_12	k__Bacteria	p__Bacteroidetes	c__Bacteroidia	o__Bacteroidales	f__Bacteroidaceae	g__Bacteroides	s__Bacteroides_sp_OM05_12
s__Kluyvera_ascorbata	k__Bacteria	p__Proteobacteria	c__Gammaproteobacteria	o__Enterobacterales	f__Enterobacteriaceae	g__Kluyvera	s__Kluyvera_ascorbata
s__Atopobium_rimae	k__Bacteria	p__Actinobacteria	c__Coriobacteriia	o__Coriobacteriales	f__Atopobiaceae	g__Atopobium	s__Atopobium_rimae
s__Campylobacter_hominis	k__Bacteria	p__Proteobacteria	c__Epsilonproteobacteria	o__Campylobacterales	f__Campylobacteraceae	g__Campylobacter	s__Campylobacter_hominis
s__Klebsiella_michiganensis	k__Bacteria	p__Proteobacteria	c__Gammaproteobacteria	o__Enterobacterales	f__Enterobacteriaceae	g__Klebsiella	s__Klebsiella_michiganensis
s__Citrobacter_werkmanii	k__Bacteria	p__Proteobacteria	c__Gammaproteobacteria	o__Enterobacterales	f__Enterobacteriaceae	g__Citrobacter	s__Citrobacter_werkmanii
s__Clostridium_celatum	k__Bacteria	p__Firmicutes	c__Clostridia	o__Clostridiales	f__Clostridiaceae	g__Clostridium	s__Clostridium_celatum
s__Klebsiella_oxytoca	k__Bacteria	p__Proteobacteria	c__Gammaproteobacteria	o__Enterobacterales	f__Enterobacteriaceae	g__Klebsiella	s__Klebsiella_oxytoca
s__Eubacterium_callanderi	k__Bacteria	p__Firmicutes	c__Clostridia	o__Clostridiales	f__Eubacteriaceae	g__Eubacterium	s__Eubacterium_callanderi
s__Eubacterium_nodatum	k__Bacteria	p__Firmicutes	c__Clostridia	o__Clostridiales	f__Clostridiales_Family_XIII_Incertae_Sedis	g__Clostridiales_Family_XIII_Incertae_Sedis_unclassified	s__Eubacterium_nodatum
s__Prevotella_corporis	k__Bacteria	p__Bacteroidetes	c__Bacteroidia	o__Bacteroidales	f__Prevotellaceae	g__Prevotella	s__Prevotella_corporis
s__Raoultella_planticola	k__Bacteria	p__Proteobacteria	c__Gammaproteobacteria	o__Enterobacterales	f__Enterobacteriaceae	g__Raoultella	s__Raoultella_planticola
s__Atopobium_parvulum	k__Bacteria	p__Actinobacteria	c__Coriobacteriia	o__Coriobacteriales	f__Atopobiaceae	g__Atopobium	s__Atopobium_parvulum
s__Actinomyces_sp_oral_taxon_414	k__Bacteria	p__Actinobacteria	c__Actinobacteria	o__Actinomycetales	f__Actinomycetaceae	g__Actinomyces	s__Actinomyces_sp_oral_taxon_414
s__Corynebacterium_matruchotii	k__Bacteria	p__Actinobacteria	c__Actinobacteria	o__Corynebacteriales	f__Corynebacteriaceae	g__Corynebacterium	s__Corynebacterium_matruchotii
s__Corynebacterium_durum	k__Bacteria	p__Actinobacteria	c__Actinobacteria	o__Corynebacteriales	f__Corynebacteriaceae	g__Corynebacterium	s__Corynebacterium_durum
s__Anaerofilum_sp_An201	k__Bacteria	p__Firmicutes	c__Clostridia	o__Clostridiales	f__Ruminococcaceae	g__Anaerofilum	s__Anaerofilum_sp_An201
s__Streptococcus_sinensis	k__Bacteria	p__Firmicutes	c__Bacilli	o__Lactobacillales	f__Streptococcaceae	g__Streptococcus	s__Streptococcus_sinensis
s__Butyribacterium_methylotrophicum	k__Bacteria	p__Firmicutes	c__Clostridia	o__Clostridiales	f__Clostridiaceae	g__Clostridium	s__Butyribacterium_methylotrophicum
s__Abiotrophia_defectiva	k__Bacteria	p__Firmicutes	c__Bacilli	o__Lactobacillales	f__Aerococcaceae	g__Abiotrophia	s__Abiotrophia_defectiva
s__Actinomyces_sp_oral_taxon_897	k__Bacteria	p__Actinobacteria	c__Actinobacteria	o__Actinomycetales	f__Actinomycetaceae	g__Actinomyces	s__Actinomyces_sp_oral_taxon_897
s__Actinomyces_turicensis	k__Bacteria	p__Actinobacteria	c__Actinobacteria	o__Actinomycetales	f__Actinomycetaceae	g__Actinomyces	s__Actinomyces_turicensis
s__Blautia_hydrogenotrophica	k__Bacteria	p__Firmicutes	c__Clostridia	o__Clostridiales	f__Lachnospiraceae	g__Blautia	s__Blautia_hydrogenotrophica
s__Eikenella_corrodens	k__Bacteria	p__Proteobacteria	c__Betaproteobacteria	o__Neisseriales	f__Neisseriaceae	g__Eikenella	s__Eikenella_corrodens
s__Clostridium_hylemonae	k__Bacteria	p__Firmicutes	c__Clostridia	o__Clostridiales	f__Lachnospiraceae	g__Lachnoclostridium	s__Clostridium_hylemonae
s__Clostridium_sp_D5	k__Bacteria	p__Firmicutes	c__Clostridia	o__Clostridiales	f__Clostridiaceae	g__Clostridium	s__Clostridium_sp_D5
s__Bifidobacterium_breve	k__Bacteria	p__Actinobacteria	c__Actinobacteria	o__Bifidobacteriales	f__Bifidobacteriaceae	g__Bifidobacterium	s__Bifidobacterium_breve
s__Cardiobacterium_valvarum	k__Bacteria	p__Proteobacteria	c__Gammaproteobacteria	o__Cardiobacteriales	f__Cardiobacteriaceae	g__Cardiobacterium	s__Cardiobacterium_valvarum
s__Eggerthia_catenaformis	k__Bacteria	p__Firmicutes	c__Erysipelotrichia	o__Erysipelotrichales	f__Erysipelotrichaceae	g__Eggerthia	s__Eggerthia_catenaformis
s__Actinobaculum_sp_oral_taxon_183	k__Bacteria	p__Actinobacteria	c__Actinobacteria	o__Actinomycetales	f__Actinomycetaceae	g__Actinobaculum	s__Actinobaculum_sp_oral_taxon_183
s__Oribacterium_parvum	k__Bacteria	p__Firmicutes	c__Clostridia	o__Clostridiales	f__Lachnospiraceae	g__Oribacterium	s__Oribacterium_parvum
s__Pseudopropionibacterium_propionicum	k__Bacteria	p__Actinobacteria	c__Actinobacteria	o__Propionibacteriales	f__Propionibacteriaceae	g__Pseudopropionibacterium	s__Pseudopropionibacterium_propionicum
s__Streptococcus_sp_oral_taxon_058	k__Bacteria	p__Firmicutes	c__Bacilli	o__Lactobacillales	f__Streptococcaceae	g__Streptococcus	s__Streptococcus_sp_oral_taxon_058
s__Dialister_invisus	k__Bacteria	p__Firmicutes	c__Negativicutes	o__Veillonellales	f__Veillonellaceae	g__Dialister	s__Dialister_invisus
s__Actinomyces_oris	k__Bacteria	p__Actinobacteria	c__Actinobacteria	o__Actinomycetales	f__Actinomycetaceae	g__Actinomyces	s__Actinomyces_oris
s__Anaerostipes_caccae	k__Bacteria	p__Firmicutes	c__Clostridia	o__Clostridiales	f__Lachnospiraceae	g__Anaerostipes	s__Anaerostipes_caccae
s__Actinomyces_hongkongensis	k__Bacteria	p__Actinobacteria	c__Actinobacteria	o__Actinomycetales	f__Actinomycetaceae	g__Actinomyces	s__Actinomyces_hongkongensis
s__Lachnospiraceae_bacterium_2_1_46FAA	k__Bacteria	p__Firmicutes	c__Clostridia	o__Clostridiales	f__Lachnospiraceae	g__Lachnospiraceae_unclassified	s__Lachnospiraceae_bacterium_2_1_46FAA
s__Enterococcus_hirae	k__Bacteria	p__Firmicutes	c__Bacilli	o__Lactobacillales	f__Enterococcaceae	g__Enterococcus	s__Enterococcus_hirae
s__Parvimonas_sp_oral_taxon_393	k__Bacteria	p__Firmicutes	c__Tissierellia	o__Tissierellales	f__Peptoniphilaceae	g__Parvimonas	s__Parvimonas_sp_oral_taxon_393
s__Pyramidobacter_piscolens	k__Bacteria	p__Synergistetes	c__Synergistia	o__Synergistales	f__Synergistaceae	g__Pyramidobacter	s__Pyramidobacter_piscolens
s__Methanobrevibacter_oralis	k__Archaea	p__Euryarchaeota	c__Methanobacteria	o__Methanobacteriales	f__Methanobacteriaceae	g__Methanobrevibacter	s__Methanobrevibacter_oralis
s__Pyramidobacter_sp_C12_8	k__Bacteria	p__Synergistetes	c__Synergistia	o__Synergistales	f__Synergistaceae	g__Pyramidobacter	s__Pyramidobacter_sp_C12_8
s__Streptococcus_gallolyticus	k__Bacteria	p__Firmicutes	c__Bacilli	o__Lactobacillales	f__Streptococcaceae	g__Streptococcus	s__Streptococcus_gallolyticus
s__Bifidobacterium_catenulatum	k__Bacteria	p__Actinobacteria	c__Actinobacteria	o__Bifidobacteriales	f__Bifidobacteriaceae	g__Bifidobacterium	s__Bifidobacterium_catenulatum
s__Desulfovibrio_vulgaris	k__Bacteria	p__Proteobacteria	c__Deltaproteobacteria	o__Desulfovibrionales	f__Desulfovibrionaceae	g__Desulfovibrio	s__Desulfovibrio_vulgaris
s__Enterococcus_gallinarum	k__Bacteria	p__Firmicutes	c__Bacilli	o__Lactobacillales	f__Enterococcaceae	g__Enterococcus	s__Enterococcus_gallinarum
s__Streptococcus_thermophilus	k__Bacteria	p__Firmicutes	c__Bacilli	o__Lactobacillales	f__Streptococcaceae	g__Streptococcus	s__Streptococcus_thermophilus
s__Lactobacillus_delbrueckii	k__Bacteria	p__Firmicutes	c__Bacilli	o__Lactobacillales	f__Lactobacillaceae	g__Lactobacillus	s__Lactobacillus_delbrueckii
s__Saccharomyces_cerevisiae	k__Eukaryota	p__Ascomycota	c__Saccharomycetes	o__Saccharomycetales	f__Saccharomycetaceae	g__Saccharomyces	s__Saccharomyces_cerevisiae
s__Faecalicoccus_pleomorphus	k__Bacteria	p__Firmicutes	c__Erysipelotrichia	o__Erysipelotrichales	f__Erysipelotrichaceae	g__Faecalicoccus	s__Faecalicoccus_pleomorphus
s__Oribacterium_sinus	k__Bacteria	p__Firmicutes	c__Clostridia	o__Clostridiales	f__Lachnospiraceae	g__Oribacterium	s__Oribacterium_sinus
s__Streptococcus_mutans	k__Bacteria	p__Firmicutes	c__Bacilli	o__Lactobacillales	f__Streptococcaceae	g__Streptococcus	s__Streptococcus_mutans
s__Veillonella_rogosae	k__Bacteria	p__Firmicutes	c__Negativicutes	o__Veillonellales	f__Veillonellaceae	g__Veillonella	s__Veillonella_rogosae
s__Parvimonas_sp_KA00067	k__Bacteria	p__Firmicutes	c__Tissierellia	o__Tissierellales	f__Peptoniphilaceae	g__Parvimonas	s__Parvimonas_sp_KA00067
s__Streptococcus_viridans	k__Bacteria	p__Firmicutes	c__Bacilli	o__Lactobacillales	f__Streptococcaceae	g__Streptococcus	s__Streptococcus_viridans
s__Clostridium_cadaveris	k__Bacteria	p__Firmicutes	c__Clostridia	o__Clostridiales	f__Clostridiaceae	g__Clostridium	s__Clostridium_cadaveris
s__Lactobacillus_ruminis	k__Bacteria	p__Firmicutes	c__Bacilli	o__Lactobacillales	f__Lactobacillaceae	g__Lactobacillus	s__Lactobacillus_ruminis
s__Bacteroides_sp_CAG_633	k__Bacteria	p__Bacteroidetes	c__Bacteroidia	o__Bacteroidales	f__Bacteroidaceae	g__Bacteroides	s__Bacteroides_sp_CAG_633
s__Massiliomicrobiota_timonensis	k__Bacteria	p__Firmicutes	c__Erysipelotrichia	o__Erysipelotrichales	f__Erysipelotrichaceae	g__Massiliomicrobiota	s__Massiliomicrobiota_timonensis
s__Lachnoclostridium_sp_An118	k__Bacteria	p__Firmicutes	c__Clostridia	o__Clostridiales	f__Lachnospiraceae	g__Lachnoclostridium	s__Lachnoclostridium_sp_An118
s__Citrobacter_koseri	k__Bacteria	p__Proteobacteria	c__Gammaproteobacteria	o__Enterobacterales	f__Enterobacteriaceae	g__Citrobacter	s__Citrobacter_koseri
s__Pediococcus_acidilactici	k__Bacteria	p__Firmicutes	c__Bacilli	o__Lactobacillales	f__Lactobacillaceae	g__Pediococcus	s__Pediococcus_acidilactici
s__Lactobacillus_sanfranciscensis	k__Bacteria	p__Firmicutes	c__Bacilli	o__Lactobacillales	f__Lactobacillaceae	g__Lactobacillus	s__Lactobacillus_sanfranciscensis
s__Aggregatibacter_aphrophilus	k__Bacteria	p__Proteobacteria	c__Gammaproteobacteria	o__Pasteurellales	f__Pasteurellaceae	g__Aggregatibacter	s__Aggregatibacter_aphrophilus
s__Dorea_sp_D27	k__Bacteria	p__Firmicutes	c__Clostridia	o__Clostridiales	f__Lachnospiraceae	g__Dorea	s__Dorea_sp_D27
s__Porphyromonas_gingivalis	k__Bacteria	p__Bacteroidetes	c__Bacteroidia	o__Bacteroidales	f__Porphyromonadaceae	g__Porphyromonas	s__Porphyromonas_gingivalis
s__Pseudoflavonifractor_sp_An184	k__Bacteria	p__Firmicutes	c__Clostridia	o__Clostridiales	f__Ruminococcaceae	g__Pseudoflavonifractor	s__Pseudoflavonifractor_sp_An184
s__Campylobacter_ureolyticus	k__Bacteria	p__Proteobacteria	c__Epsilonproteobacteria	o__Campylobacterales	f__Campylobacteraceae	g__Campylobacter	s__Campylobacter_ureolyticus
s__Prevotella_buccalis	k__Bacteria	p__Bacteroidetes	c__Bacteroidia	o__Bacteroidales	f__Prevotellaceae	g__Prevotella	s__Prevotella_buccalis
s__Parvimonas_sp_oral_taxon_110	k__Bacteria	p__Firmicutes	c__Tissierellia	o__Tissierellales	f__Peptoniphilaceae	g__Parvimonas	s__Parvimonas_sp_oral_taxon_110
s__Bacteroides_stercorirosoris	k__Bacteria	p__Bacteroidetes	c__Bacteroidia	o__Bacteroidales	f__Bacteroidaceae	g__Bacteroides	s__Bacteroides_stercorirosoris
s__Lachnoclostridium_sp_An131	k__Bacteria	p__Firmicutes	c__Clostridia	o__Clostridiales	f__Lachnospiraceae	g__Lachnoclostridium	s__Lachnoclostridium_sp_An131
s__Lachnoclostridium_sp_An138	k__Bacteria	p__Firmicutes	c__Clostridia	o__Clostridiales	f__Lachnospiraceae	g__Lachnoclostridium	s__Lachnoclostridium_sp_An138
s__Flavonifractor_sp_An10	k__Bacteria	p__Firmicutes	c__Clostridia	o__Clostridiales	f__Ruminococcaceae	g__Flavonifractor	s__Flavonifractor_sp_An10
s__Shuttleworthia_satelles	k__Bacteria	p__Firmicutes	c__Clostridia	o__Clostridiales	f__Lachnospiraceae	g__Shuttleworthia	s__Shuttleworthia_satelles
s__Lactobacillus_pontis	k__Bacteria	p__Firmicutes	c__Bacilli	o__Lactobacillales	f__Lactobacillaceae	g__Lactobacillus	s__Lactobacillus_pontis
s__Lachnospiraceae_bacterium_oral_taxon_096	k__Bacteria	p__Firmicutes	c__Clostridia	o__Clostridiales	f__Lachnospiraceae	g__Lachnospiraceae_unclassified	s__Lachnospiraceae_bacterium_oral_taxon_096
s__Lactococcus_lactis	k__Bacteria	p__Firmicutes	c__Bacilli	o__Lactobacillales	f__Streptococcaceae	g__Lactococcus	s__Lactococcus_lactis
s__Actinomyces_naeslundii	k__Bacteria	p__Actinobacteria	c__Actinobacteria	o__Actinomycetales	f__Actinomycetaceae	g__Actinomyces	s__Actinomyces_naeslundii
s__Actinomyces_massiliensis	k__Bacteria	p__Actinobacteria	c__Actinobacteria	o__Actinomycetales	f__Actinomycetaceae	g__Actinomyces	s__Actinomyces_massiliensis
s__Streptococcus_pseudopneumoniae	k__Bacteria	p__Firmicutes	c__Bacilli	o__Lactobacillales	f__Streptococcaceae	g__Streptococcus	s__Streptococcus_pseudopneumoniae
s__Citrobacter_europaeus	k__Bacteria	p__Proteobacteria	c__Gammaproteobacteria	o__Enterobacterales	f__Enterobacteriaceae	g__Citrobacter	s__Citrobacter_europaeus
s__Leuconostoc_garlicum	k__Bacteria	p__Firmicutes	c__Bacilli	o__Lactobacillales	f__Leuconostocaceae	g__Leuconostoc	s__Leuconostoc_garlicum
s__Eubacterium_brachy	k__Bacteria	p__Firmicutes	c__Clostridia	o__Clostridiales	f__Clostridiales_Family_XIII_Incertae_Sedis	g__Clostridiales_Family_XIII_Incertae_Sedis_unclassified	s__Eubacterium_brachy
s__Prevotella_sp_AM42_24	k__Bacteria	p__Bacteroidetes	c__Bacteroidia	o__Bacteroidales	f__Prevotellaceae	g__Prevotella	s__Prevotella_sp_AM42_24
s__Enterococcus_mundtii	k__Bacteria	p__Firmicutes	c__Bacilli	o__Lactobacillales	f__Enterococcaceae	g__Enterococcus	s__Enterococcus_mundtii
s__Fusobacterium_naviforme	k__Bacteria	p__Fusobacteria	c__Fusobacteriia	o__Fusobacteriales	f__Fusobacteriaceae	g__Fusobacterium	s__Fusobacterium_naviforme
s__Porphyromonas_uenonis	k__Bacteria	p__Bacteroidetes	c__Bacteroidia	o__Bacteroidales	f__Porphyromonadaceae	g__Porphyromonas	s__Porphyromonas_uenonis
s__Lactobacillus_crispatus	k__Bacteria	p__Firmicutes	c__Bacilli	o__Lactobacillales	f__Lactobacillaceae	g__Lactobacillus	s__Lactobacillus_crispatus
s__Selenomonas_noxia	k__Bacteria	p__Firmicutes	c__Negativicutes	o__Selenomonadales	f__Selenomonadaceae	g__Selenomonas	s__Selenomonas_noxia
s__Haemophilus_sp_HMSC71H05	k__Bacteria	p__Proteobacteria	c__Gammaproteobacteria	o__Pasteurellales	f__Pasteurellaceae	g__Haemophilus	s__Haemophilus_sp_HMSC71H05
s__Selenomonas_infelix	k__Bacteria	p__Firmicutes	c__Negativicutes	o__Selenomonadales	f__Selenomonadaceae	g__Selenomonas	s__Selenomonas_infelix
s__Stomatobaculum_longum	k__Bacteria	p__Firmicutes	c__Clostridia	o__Clostridiales	f__Lachnospiraceae	g__Stomatobaculum	s__Stomatobaculum_longum
s__Lactobacillus_pentosus	k__Bacteria	p__Firmicutes	c__Bacilli	o__Lactobacillales	f__Lactobacillaceae	g__Lactobacillus	s__Lactobacillus_pentosus
s__Lactobacillus_fermentum	k__Bacteria	p__Firmicutes	c__Bacilli	o__Lactobacillales	f__Lactobacillaceae	g__Lactobacillus	s__Lactobacillus_fermentum
s__Criibacterium_bergeronii	k__Bacteria	p__Firmicutes	c__Clostridia	o__Clostridiales	f__Peptostreptococcaceae	g__Criibacterium	s__Criibacterium_bergeronii
s__Bacteroides_pyogenes	k__Bacteria	p__Bacteroidetes	c__Bacteroidia	o__Bacteroidales	f__Bacteroidaceae	g__Bacteroides	s__Bacteroides_pyogenes
s__Campylobacter_gracilis	k__Bacteria	p__Proteobacteria	c__Epsilonproteobacteria	o__Campylobacterales	f__Campylobacteraceae	g__Campylobacter	s__Campylobacter_gracilis
s__Alistipes_timonensis	k__Bacteria	p__Bacteroidetes	c__Bacteroidia	o__Bacteroidales	f__Rikenellaceae	g__Alistipes	s__Alistipes_timonensis
s__Mogibacterium_pumilum	k__Bacteria	p__Firmicutes	c__Clostridia	o__Clostridiales	f__Clostridiales_Family_XIII_Incertae_Sedis	g__Mogibacterium	s__Mogibacterium_pumilum
s__Ruminococcus_sp_CAG_579	k__Bacteria	p__Firmicutes	c__Clostridia	o__Clostridiales	f__Ruminococcaceae	g__Ruminococcus	s__Ruminococcus_sp_CAG_579
s__Fusobacterium_gonidiaformans	k__Bacteria	p__Fusobacteria	c__Fusobacteriia	o__Fusobacteriales	f__Fusobacteriaceae	g__Fusobacterium	s__Fusobacterium_gonidiaformans
s__Leptotrichia_hofstadii	k__Bacteria	p__Fusobacteria	c__Fusobacteriia	o__Fusobacteriales	f__Leptotrichiaceae	g__Leptotrichia	s__Leptotrichia_hofstadii
s__Corynebacterium_argentoratense	k__Bacteria	p__Actinobacteria	c__Actinobacteria	o__Corynebacteriales	f__Corynebacteriaceae	g__Corynebacterium	s__Corynebacterium_argentoratense
s__Streptococcus_peroris	k__Bacteria	p__Firmicutes	c__Bacilli	o__Lactobacillales	f__Streptococcaceae	g__Streptococcus	s__Streptococcus_peroris
s__Prevotella_sp_885	k__Bacteria	p__Bacteroidetes	c__Bacteroidia	o__Bacteroidales	f__Prevotellaceae	g__Prevotella	s__Prevotella_sp_885
s__Prevotella_sp_CAG_1092	k__Bacteria	p__Bacteroidetes	c__Bacteroidia	o__Bacteroidales	f__Prevotellaceae	g__Prevotella	s__Prevotella_sp_CAG_1092
s__Ruminococcus_sp_CAG_330	k__Bacteria	p__Firmicutes	c__Clostridia	o__Clostridiales	f__Ruminococcaceae	g__Ruminococcus	s__Ruminococcus_sp_CAG_330
s__Prevotella_sp_CAG_873	k__Bacteria	p__Bacteroidetes	c__Bacteroidia	o__Bacteroidales	f__Prevotellaceae	g__Prevotella	s__Prevotella_sp_CAG_873
s__Anaerobiospirillum_thomasii	k__Bacteria	p__Proteobacteria	c__Gammaproteobacteria	o__Aeromonadales	f__Succinivibrionaceae	g__Anaerobiospirillum	s__Anaerobiospirillum_thomasii
s__Mitsuokella_jalaludinii	k__Bacteria	p__Firmicutes	c__Negativicutes	o__Selenomonadales	f__Selenomonadaceae	g__Mitsuokella	s__Mitsuokella_jalaludinii
s__Methanosphaera_cuniculi	k__Archaea	p__Euryarchaeota	c__Methanobacteria	o__Methanobacteriales	f__Methanobacteriaceae	g__Methanosphaera	s__Methanosphaera_cuniculi
s__Peptostreptococcus_sp_MV1	k__Bacteria	p__Firmicutes	c__Clostridia	o__Clostridiales	f__Peptostreptococcaceae	g__Peptostreptococcus	s__Peptostreptococcus_sp_MV1
s__Fusobacterium_hwasookii	k__Bacteria	p__Fusobacteria	c__Fusobacteriia	o__Fusobacteriales	f__Fusobacteriaceae	g__Fusobacterium	s__Fusobacterium_hwasookii
s__Prevotella_disiens	k__Bacteria	p__Bacteroidetes	c__Bacteroidia	o__Bacteroidales	f__Prevotellaceae	g__Prevotella	s__Prevotella_disiens
s__Bacteroides_faecis	k__Bacteria	p__Bacteroidetes	c__Bacteroidia	o__Bacteroidales	f__Bacteroidaceae	g__Bacteroides	s__Bacteroides_faecis
s__Megasphaera_sp_DISK_18	k__Bacteria	p__Firmicutes	c__Negativicutes	o__Veillonellales	f__Veillonellaceae	g__Megasphaera	s__Megasphaera_sp_DISK_18
s__Megasphaera_sp_MJR8396C	k__Bacteria	p__Firmicutes	c__Negativicutes	o__Veillonellales	f__Veillonellaceae	g__Megasphaera	s__Megasphaera_sp_MJR8396C
s__Prevotella_sp_CAG_485	k__Bacteria	p__Bacteroidetes	c__Bacteroidia	o__Bacteroidales	f__Prevotellaceae	g__Prevotella	s__Prevotella_sp_CAG_485
s__Streptococcus_sp_M334	k__Bacteria	p__Firmicutes	c__Bacilli	o__Lactobacillales	f__Streptococcaceae	g__Streptococcus	s__Streptococcus_sp_M334
s__Victivallis_vadensis	k__Bacteria	p__Lentisphaerae	c__Lentisphaeria	o__Victivallales	f__Victivallaceae	g__Victivallis	s__Victivallis_vadensis
s__Haemophilus_paraphrohaemolyticus	k__Bacteria	p__Proteobacteria	c__Gammaproteobacteria	o__Pasteurellales	f__Pasteurellaceae	g__Haemophilus	s__Haemophilus_paraphrohaemolyticus
s__Neisseria_flavescens	k__Bacteria	p__Proteobacteria	c__Betaproteobacteria	o__Neisseriales	f__Neisseriaceae	g__Neisseria	s__Neisseria_flavescens
s__Bacteroides_sartorii	k__Bacteria	p__Bacteroidetes	c__Bacteroidia	o__Bacteroidales	f__Bacteroidaceae	g__Bacteroides	s__Bacteroides_sartorii
s__Enterococcus_casseliflavus	k__Bacteria	p__Firmicutes	c__Bacilli	o__Lactobacillales	f__Enterococcaceae	g__Enterococcus	s__Enterococcus_casseliflavus
s__Leuconostoc_gelidum	k__Bacteria	p__Firmicutes	c__Bacilli	o__Lactobacillales	f__Leuconostocaceae	g__Leuconostoc	s__Leuconostoc_gelidum
s__Absiella_dolichum	k__Bacteria	p__Firmicutes	c__Erysipelotrichia	o__Erysipelotrichales	f__Erysipelotrichaceae	g__Absiella	s__Absiella_dolichum
s__Eubacterium_dolichum_CAG_375	k__Bacteria	p__Firmicutes	c__Clostridia	o__Clostridiales	f__Eubacteriaceae	g__Eubacterium	s__Eubacterium_dolichum_CAG_375
s__Weissella_minor	k__Bacteria	p__Firmicutes	c__Bacilli	o__Lactobacillales	f__Leuconostocaceae	g__Weissella	s__Weissella_minor
s__Enterobacter_bugandensis	k__Bacteria	p__Proteobacteria	c__Gammaproteobacteria	o__Enterobacterales	f__Enterobacteriaceae	g__Enterobacter	s__Enterobacter_bugandensis
s__Leuconostoc_carnosum	k__Bacteria	p__Firmicutes	c__Bacilli	o__Lactobacillales	f__Leuconostocaceae	g__Leuconostoc	s__Leuconostoc_carnosum
s__Gardnerella_vaginalis	k__Bacteria	p__Actinobacteria	c__Actinobacteria	o__Bifidobacteriales	f__Bifidobacteriaceae	g__Gardnerella	s__Gardnerella_vaginalis
s__Streptococcus_sobrinus	k__Bacteria	p__Firmicutes	c__Bacilli	o__Lactobacillales	f__Streptococcaceae	g__Streptococcus	s__Streptococcus_sobrinus
s__Streptococcus_downei	k__Bacteria	p__Firmicutes	c__Bacilli	o__Lactobacillales	f__Streptococcaceae	g__Streptococcus	s__Streptococcus_downei
s__Clostridium_paraputrificum	k__Bacteria	p__Firmicutes	c__Clostridia	o__Clostridiales	f__Clostridiaceae	g__Clostridium	s__Clostridium_paraputrificum
s__Clostridium_neonatale	k__Bacteria	p__Firmicutes	c__Clostridia	o__Clostridiales	f__Clostridiaceae	g__Clostridium	s__Clostridium_neonatale
s__Proteus_vulgaris	k__Bacteria	p__Proteobacteria	c__Gammaproteobacteria	o__Enterobacterales	f__Morganellaceae	g__Proteus	s__Proteus_vulgaris
s__Murimonas_intestini	k__Bacteria	p__Firmicutes	c__Clostridia	o__Clostridiales	f__Lachnospiraceae	g__Murimonas	s__Murimonas_intestini
s__Gemmiger_sp_An87	k__Bacteria	p__Firmicutes	c__Clostridia	o__Clostridiales	f__Ruminococcaceae	g__Gemmiger	s__Gemmiger_sp_An87
s__Pseudoflavonifractor_capillosus	k__Bacteria	p__Firmicutes	c__Clostridia	o__Clostridiales	f__Ruminococcaceae	g__Pseudoflavonifractor	s__Pseudoflavonifractor_capillosus
s__Carnobacterium_divergens	k__Bacteria	p__Firmicutes	c__Bacilli	o__Lactobacillales	f__Carnobacteriaceae	g__Carnobacterium	s__Carnobacterium_divergens
s__Lactobacillus_gasseri	k__Bacteria	p__Firmicutes	c__Bacilli	o__Lactobacillales	f__Lactobacillaceae	g__Lactobacillus	s__Lactobacillus_gasseri
s__Haemophilus_pittmaniae	k__Bacteria	p__Proteobacteria	c__Gammaproteobacteria	o__Pasteurellales	f__Pasteurellaceae	g__Haemophilus	s__Haemophilus_pittmaniae
s__Faecalicatena_orotica	k__Bacteria	p__Firmicutes	c__Clostridia	o__Clostridiales	f__Lachnospiraceae	g__Faecalicatena	s__Faecalicatena_orotica
s__Haemophilus_sputorum	k__Bacteria	p__Proteobacteria	c__Gammaproteobacteria	o__Pasteurellales	f__Pasteurellaceae	g__Haemophilus	s__Haemophilus_sputorum
s__Streptococcus_macedonicus	k__Bacteria	p__Firmicutes	c__Bacilli	o__Lactobacillales	f__Streptococcaceae	g__Streptococcus	s__Streptococcus_macedonicus
s__Porphyromonas_canoris	k__Bacteria	p__Bacteroidetes	c__Bacteroidia	o__Bacteroidales	f__Porphyromonadaceae	g__Porphyromonas	s__Porphyromonas_canoris
s__Eubacteriaceae_bacterium_CHKCI005	k__Bacteria	p__Firmicutes	c__Clostridia	o__Clostridiales	f__Eubacteriaceae	g__Eubacteriaceae_unclassified	s__Eubacteriaceae_bacterium_CHKCI005
s__Neisseria_subflava	k__Bacteria	p__Proteobacteria	c__Betaproteobacteria	o__Neisseriales	f__Neisseriaceae	g__Neisseria	s__Neisseria_subflava
s__Oscillibacter_sp_PC13	k__Bacteria	p__Firmicutes	c__Clostridia	o__Clostridiales	f__Oscillospiraceae	g__Oscillibacter	s__Oscillibacter_sp_PC13
s__Firmicutes_bacterium_CAG_646	k__Bacteria	p__Firmicutes	c__Firmicutes_unclassified	o__Firmicutes_unclassified	f__Firmicutes_unclassified	g__Firmicutes_unclassified	s__Firmicutes_bacterium_CAG_646
s__Neisseria_perflava	k__Bacteria	p__Proteobacteria	c__Betaproteobacteria	o__Neisseriales	f__Neisseriaceae	g__Neisseria	s__Neisseria_perflava
s__Neisseria_mucosa	k__Bacteria	p__Proteobacteria	c__Betaproteobacteria	o__Neisseriales	f__Neisseriaceae	g__Neisseria	s__Neisseria_mucosa
s__Atopobium_vaginae	k__Bacteria	p__Actinobacteria	c__Coriobacteriia	o__Coriobacteriales	f__Atopobiaceae	g__Atopobium	s__Atopobium_vaginae
s__Peptoniphilus_duerdenii	k__Bacteria	p__Firmicutes	c__Tissierellia	o__Tissierellales	f__Peptoniphilaceae	g__Peptoniphilus	s__Peptoniphilus_duerdenii
s__Dysgonomonas_sp_37_18	k__Bacteria	p__Bacteroidetes	c__Bacteroidia	o__Bacteroidales	f__Dysgonamonadaceae	g__Dysgonomonas	s__Dysgonomonas_sp_37_18
s__Prevotella_buccae	k__Bacteria	p__Bacteroidetes	c__Bacteroidia	o__Bacteroidales	f__Prevotellaceae	g__Prevotella	s__Prevotella_buccae
s__Chlamydia_ibidis	k__Bacteria	p__Chlamydiae	c__Chlamydiia	o__Chlamydiales	f__Chlamydiaceae	g__Chlamydia	s__Chlamydia_ibidis
s__Clostridiales_bacterium_CHKCI006	k__Bacteria	p__Firmicutes	c__Clostridia	o__Clostridiales	f__Clostridiales_unclassified	g__Clostridiales_unclassified	s__Clostridiales_bacterium_CHKCI006
s__Methanosphaera_stadtmanae	k__Archaea	p__Euryarchaeota	c__Methanobacteria	o__Methanobacteriales	f__Methanobacteriaceae	g__Methanosphaera	s__Methanosphaera_stadtmanae
s__Bacteroides_oleiciplenus	k__Bacteria	p__Bacteroidetes	c__Bacteroidia	o__Bacteroidales	f__Bacteroidaceae	g__Bacteroides	s__Bacteroides_oleiciplenus
s__Veillonella_denticariosi	k__Bacteria	p__Firmicutes	c__Negativicutes	o__Veillonellales	f__Veillonellaceae	g__Veillonella	s__Veillonella_denticariosi
s__Parascardovia_denticolens	k__Bacteria	p__Actinobacteria	c__Actinobacteria	o__Bifidobacteriales	f__Bifidobacteriaceae	g__Parascardovia	s__Parascardovia_denticolens
s__Flavonifractor_sp_An100	k__Bacteria	p__Firmicutes	c__Clostridia	o__Clostridiales	f__Ruminococcaceae	g__Flavonifractor	s__Flavonifractor_sp_An100
s__Bacteroides_sp_CAG_462	k__Bacteria	p__Bacteroidetes	c__Bacteroidia	o__Bacteroidales	f__Bacteroidaceae	g__Bacteroides	s__Bacteroides_sp_CAG_462
s__Barnesiella_sp_An22	k__Bacteria	p__Bacteroidetes	c__Bacteroidia	o__Bacteroidales	f__Barnesiellaceae	g__Barnesiella	s__Barnesiella_sp_An22
s__Macrococcus_caseolyticus	k__Bacteria	p__Firmicutes	c__Bacilli	o__Bacillales	f__Staphylococcaceae	g__Macrococcus	s__Macrococcus_caseolyticus
s__Hungatella_effluvii	k__Bacteria	p__Firmicutes	c__Clostridia	o__Clostridiales	f__Clostridiaceae	g__Hungatella	s__Hungatella_effluvii
s__Bifidobacterium_pullorum	k__Bacteria	p__Actinobacteria	c__Actinobacteria	o__Bifidobacteriales	f__Bifidobacteriaceae	g__Bifidobacterium	s__Bifidobacterium_pullorum
s__Bifidobacterium_thermacidophilum	k__Bacteria	p__Actinobacteria	c__Actinobacteria	o__Bifidobacteriales	f__Bifidobacteriaceae	g__Bifidobacterium	s__Bifidobacterium_thermacidophilum
s__Cetobacterium_somerae	k__Bacteria	p__Fusobacteria	c__Fusobacteriia	o__Fusobacteriales	f__Fusobacteriaceae	g__Cetobacterium	s__Cetobacterium_somerae
s__Finegoldia_magna	k__Bacteria	p__Firmicutes	c__Tissierellia	o__Tissierellales	f__Peptoniphilaceae	g__Finegoldia	s__Finegoldia_magna
s__Sneathia_amnii	k__Bacteria	p__Fusobacteria	c__Fusobacteriia	o__Fusobacteriales	f__Leptotrichiaceae	g__Sneathia	s__Sneathia_amnii
s__Anaerococcus_lactolyticus	k__Bacteria	p__Firmicutes	c__Tissierellia	o__Tissierellales	f__Peptoniphilaceae	g__Anaerococcus	s__Anaerococcus_lactolyticus
s__Firmicutes_bacterium_CAG_424	k__Bacteria	p__Firmicutes	c__Firmicutes_unclassified	o__Firmicutes_unclassified	f__Firmicutes_unclassified	g__Firmicutes_unclassified	s__Firmicutes_bacterium_CAG_424
s__Alistipes_sp_An31A	k__Bacteria	p__Bacteroidetes	c__Bacteroidia	o__Bacteroidales	f__Rikenellaceae	g__Alistipes	s__Alistipes_sp_An31A
s__Lactobacillus_vaginalis	k__Bacteria	p__Firmicutes	c__Bacilli	o__Lactobacillales	f__Lactobacillaceae	g__Lactobacillus	s__Lactobacillus_vaginalis
s__Prevotella_sp_CAG_1185	k__Bacteria	p__Bacteroidetes	c__Bacteroidia	o__Bacteroidales	f__Prevotellaceae	g__Prevotella	s__Prevotella_sp_CAG_1185
s__Bacteroides_sp_CAG_598	k__Bacteria	p__Bacteroidetes	c__Bacteroidia	o__Bacteroidales	f__Bacteroidaceae	g__Bacteroides	s__Bacteroides_sp_CAG_598
s__Succinatimonas_hippei	k__Bacteria	p__Proteobacteria	c__Gammaproteobacteria	o__Aeromonadales	f__Succinivibrionaceae	g__Succinatimonas	s__Succinatimonas_hippei
s__Prevotella_histicola	k__Bacteria	p__Bacteroidetes	c__Bacteroidia	o__Bacteroidales	f__Prevotellaceae	g__Prevotella	s__Prevotella_histicola
s__Methanobrevibacter_woesei	k__Archaea	p__Euryarchaeota	c__Methanobacteria	o__Methanobacteriales	f__Methanobacteriaceae	g__Methanobrevibacter	s__Methanobrevibacter_woesei
s__Ruminococcus_sp_CAG_563	k__Bacteria	p__Firmicutes	c__Clostridia	o__Clostridiales	f__Ruminococcaceae	g__Ruminococcus	s__Ruminococcus_sp_CAG_563
s__Ruminococcus_sp_CAG_488	k__Bacteria	p__Firmicutes	c__Clostridia	o__Clostridiales	f__Ruminococcaceae	g__Ruminococcus	s__Ruminococcus_sp_CAG_488
s__Lactobacillus_sakei	k__Bacteria	p__Firmicutes	c__Bacilli	o__Lactobacillales	f__Lactobacillaceae	g__Lactobacillus	s__Lactobacillus_sakei
s__Serratia_liquefaciens	k__Bacteria	p__Proteobacteria	c__Gammaproteobacteria	o__Enterobacterales	f__Yersiniaceae	g__Serratia	s__Serratia_liquefaciens
s__Hafnia_alvei	k__Bacteria	p__Proteobacteria	c__Gammaproteobacteria	o__Enterobacterales	f__Hafniaceae	g__Hafnia	s__Hafnia_alvei
s__Kluyvera_cryocrescens	k__Bacteria	p__Proteobacteria	c__Gammaproteobacteria	o__Enterobacterales	f__Enterobacteriaceae	g__Kluyvera	s__Kluyvera_cryocrescens
s__Anaeroglobus_geminatus	k__Bacteria	p__Firmicutes	c__Negativicutes	o__Veillonellales	f__Veillonellaceae	g__Anaeroglobus	s__Anaeroglobus_geminatus
s__Comamonas_kerstersii	k__Bacteria	p__Proteobacteria	c__Betaproteobacteria	o__Burkholderiales	f__Comamonadaceae	g__Comamonas	s__Comamonas_kerstersii
s__Clostridium_sp_CAG_411	k__Bacteria	p__Firmicutes	c__Clostridia	o__Clostridiales	f__Clostridiaceae	g__Clostridium	s__Clostridium_sp_CAG_411
s__Bacteroides_sp_43_108	k__Bacteria	p__Bacteroidetes	c__Bacteroidia	o__Bacteroidales	f__Bacteroidaceae	g__Bacteroides	s__Bacteroides_sp_43_108
s__Pantoea_brenneri	k__Bacteria	p__Proteobacteria	c__Gammaproteobacteria	o__Enterobacterales	f__Erwiniaceae	g__Pantoea	s__Pantoea_brenneri
s__Paraclostridium_bifermentans	k__Bacteria	p__Firmicutes	c__Clostridia	o__Clostridiales	f__Peptostreptococcaceae	g__Paraclostridium	s__Paraclostridium_bifermentans
s__Megasphaera_stantonii	k__Bacteria	p__Firmicutes	c__Negativicutes	o__Veillonellales	f__Veillonellaceae	g__Megasphaera	s__Megasphaera_stantonii
s__Lachnoanaerobaculum_saburreum	k__Bacteria	p__Firmicutes	c__Clostridia	o__Clostridiales	f__Lachnospiraceae	g__Lachnoanaerobaculum	s__Lachnoanaerobaculum_saburreum
s__Lactobacillus_plantarum	k__Bacteria	p__Firmicutes	c__Bacilli	o__Lactobacillales	f__Lactobacillaceae	g__Lactobacillus	s__Lactobacillus_plantarum
s__Edwardsiella_tarda	k__Bacteria	p__Proteobacteria	c__Gammaproteobacteria	o__Enterobacterales	f__Hafniaceae	g__Edwardsiella	s__Edwardsiella_tarda
s__Leuconostoc_mesenteroides	k__Bacteria	p__Firmicutes	c__Bacilli	o__Lactobacillales	f__Leuconostocaceae	g__Leuconostoc	s__Leuconostoc_mesenteroides
s__Pediococcus_pentosaceus	k__Bacteria	p__Firmicutes	c__Bacilli	o__Lactobacillales	f__Lactobacillaceae	g__Pediococcus	s__Pediococcus_pentosaceus
s__Salmonella_enterica	k__Bacteria	p__Proteobacteria	c__Gammaproteobacteria	o__Enterobacterales	f__Enterobacteriaceae	g__Salmonella	s__Salmonella_enterica
s__Lactobacillus_helveticus	k__Bacteria	p__Firmicutes	c__Bacilli	o__Lactobacillales	f__Lactobacillaceae	g__Lactobacillus	s__Lactobacillus_helveticus
s__Lactobacillus_mindensis	k__Bacteria	p__Firmicutes	c__Bacilli	o__Lactobacillales	f__Lactobacillaceae	g__Lactobacillus	s__Lactobacillus_mindensis
s__Butyrivibrio_crossotus	k__Bacteria	p__Firmicutes	c__Clostridia	o__Clostridiales	f__Lachnospiraceae	g__Butyrivibrio	s__Butyrivibrio_crossotus
s__Pseudomonas_simiae	k__Bacteria	p__Proteobacteria	c__Gammaproteobacteria	o__Pseudomonadales	f__Pseudomonadaceae	g__Pseudomonas	s__Pseudomonas_simiae
s__Bacteroides_coagulans	k__Bacteria	p__Firmicutes	c__Tissierellia	o__Tissierellia_unclassified	f__Tissierellia_unclassified	g__Tissierellia_unclassified	s__Bacteroides_coagulans
s__Streptococcus_sp_HMSC034E03	k__Bacteria	p__Firmicutes	c__Bacilli	o__Lactobacillales	f__Streptococcaceae	g__Streptococcus	s__Streptococcus_sp_HMSC034E03
s__Olsenella_uli	k__Bacteria	p__Actinobacteria	c__Coriobacteriia	o__Coriobacteriales	f__Atopobiaceae	g__Olsenella	s__Olsenella_uli
s__Actinomyces_sp_oral_taxon_180	k__Bacteria	p__Actinobacteria	c__Actinobacteria	o__Actinomycetales	f__Actinomycetaceae	g__Actinomyces	s__Actinomyces_sp_oral_taxon_180
s__Lactobacillus_amylovorus	k__Bacteria	p__Firmicutes	c__Bacilli	o__Lactobacillales	f__Lactobacillaceae	g__Lactobacillus	s__Lactobacillus_amylovorus
s__Desulfovibrio_fairfieldensis	k__Bacteria	p__Proteobacteria	c__Deltaproteobacteria	o__Desulfovibrionales	f__Desulfovibrionaceae	g__Desulfovibrio	s__Desulfovibrio_fairfieldensis
s__Actinomyces_viscosus	k__Bacteria	p__Actinobacteria	c__Actinobacteria	o__Actinomycetales	f__Actinomycetaceae	g__Actinomyces	s__Actinomyces_viscosus
s__Terrisporobacter_othiniensis	k__Bacteria	p__Firmicutes	c__Clostridia	o__Clostridiales	f__Peptostreptococcaceae	g__Terrisporobacter	s__Terrisporobacter_othiniensis
s__Haemophilus_parahaemolyticus	k__Bacteria	p__Proteobacteria	c__Gammaproteobacteria	o__Pasteurellales	f__Pasteurellaceae	g__Haemophilus	s__Haemophilus_parahaemolyticus
s__Aeromonas_caviae	k__Bacteria	p__Proteobacteria	c__Gammaproteobacteria	o__Aeromonadales	f__Aeromonadaceae	g__Aeromonas	s__Aeromonas_caviae
s__Campylobacter_concisus	k__Bacteria	p__Proteobacteria	c__Epsilonproteobacteria	o__Campylobacterales	f__Campylobacteraceae	g__Campylobacter	s__Campylobacter_concisus
s__Porphyromonas_endodontalis	k__Bacteria	p__Bacteroidetes	c__Bacteroidia	o__Bacteroidales	f__Porphyromonadaceae	g__Porphyromonas	s__Porphyromonas_endodontalis
s__Bacteroides_heparinolyticus	k__Bacteria	p__Bacteroidetes	c__Bacteroidia	o__Bacteroidales	f__Bacteroidaceae	g__Bacteroides	s__Bacteroides_heparinolyticus
s__Treponema_medium	k__Bacteria	p__Spirochaetes	c__Spirochaetia	o__Spirochaetales	f__Spirochaetaceae	g__Treponema	s__Treponema_medium
s__Campylobacter_rectus	k__Bacteria	p__Proteobacteria	c__Epsilonproteobacteria	o__Campylobacterales	f__Campylobacteraceae	g__Campylobacter	s__Campylobacter_rectus
s__Synergistes_jonesii	k__Bacteria	p__Synergistetes	c__Synergistia	o__Synergistales	f__Synergistaceae	g__Synergistes	s__Synergistes_jonesii
s__Methanobrevibacter_arboriphilus	k__Archaea	p__Euryarchaeota	c__Methanobacteria	o__Methanobacteriales	f__Methanobacteriaceae	g__Methanobrevibacter	s__Methanobrevibacter_arboriphilus
s__Citrobacter_sp_MGH106	k__Bacteria	p__Proteobacteria	c__Gammaproteobacteria	o__Enterobacterales	f__Enterobacteriaceae	g__Citrobacter	s__Citrobacter_sp_MGH106
s__Parabacteroides_chinchillae	k__Bacteria	p__Bacteroidetes	c__Bacteroidia	o__Bacteroidales	f__Tannerellaceae	g__Parabacteroides	s__Parabacteroides_chinchillae
s__Marvinbryantia_formatexigens	k__Bacteria	p__Firmicutes	c__Clostridia	o__Clostridiales	f__Lachnospiraceae	g__Marvinbryantia	s__Marvinbryantia_formatexigens
s__Peptoniphilus_lacrimalis	k__Bacteria	p__Firmicutes	c__Tissierellia	o__Tissierellales	f__Peptoniphilaceae	g__Peptoniphilus	s__Peptoniphilus_lacrimalis
s__Clostridium_sp_SY8519	k__Bacteria	p__Firmicutes	c__Clostridia	o__Clostridiales	f__Clostridiaceae	g__Clostridium	s__Clostridium_sp_SY8519
s__Streptococcus_sp_NLAE_zl_C503	k__Bacteria	p__Firmicutes	c__Bacilli	o__Lactobacillales	f__Streptococcaceae	g__Streptococcus	s__Streptococcus_sp_NLAE_zl_C503
s__Alloprevotella_tannerae	k__Bacteria	p__Bacteroidetes	c__Bacteroidia	o__Bacteroidales	f__Prevotellaceae	g__Alloprevotella	s__Alloprevotella_tannerae
s__Prevotella_oris	k__Bacteria	p__Bacteroidetes	c__Bacteroidia	o__Bacteroidales	f__Prevotellaceae	g__Prevotella	s__Prevotella_oris
s__Clostridium_butyricum	k__Bacteria	p__Firmicutes	c__Clostridia	o__Clostridiales	f__Clostridiaceae	g__Clostridium	s__Clostridium_butyricum
s__Pluralibacter_gergoviae	k__Bacteria	p__Proteobacteria	c__Gammaproteobacteria	o__Enterobacterales	f__Enterobacteriaceae	g__Pluralibacter	s__Pluralibacter_gergoviae
s__Prevotella_colorans	k__Bacteria	p__Bacteroidetes	c__Bacteroidia	o__Bacteroidales	f__Prevotellaceae	g__Prevotella	s__Prevotella_colorans
s__Prevotella_sp_S7_1_8	k__Bacteria	p__Bacteroidetes	c__Bacteroidia	o__Bacteroidales	f__Prevotellaceae	g__Prevotella	s__Prevotella_sp_S7_1_8
s__Atlantibacter_hermannii	k__Bacteria	p__Proteobacteria	c__Gammaproteobacteria	o__Enterobacterales	f__Enterobacteriaceae	g__Atlantibacter	s__Atlantibacter_hermannii
s__Bifidobacterium_animalis	k__Bacteria	p__Actinobacteria	c__Actinobacteria	o__Bifidobacteriales	f__Bifidobacteriaceae	g__Bifidobacterium	s__Bifidobacterium_animalis
s__Anaerococcus_tetradius	k__Bacteria	p__Firmicutes	c__Tissierellia	o__Tissierellales	f__Peptoniphilaceae	g__Anaerococcus	s__Anaerococcus_tetradius
s__Lactococcus_plantarum	k__Bacteria	p__Firmicutes	c__Bacilli	o__Lactobacillales	f__Streptococcaceae	g__Lactococcus	s__Lactococcus_plantarum
s__Bifidobacterium_mongoliense	k__Bacteria	p__Actinobacteria	c__Actinobacteria	o__Bifidobacteriales	f__Bifidobacteriaceae	g__Bifidobacterium	s__Bifidobacterium_mongoliense
s__Corynebacterium_variabile	k__Bacteria	p__Actinobacteria	c__Actinobacteria	o__Corynebacteriales	f__Corynebacteriaceae	g__Corynebacterium	s__Corynebacterium_variabile
s__Sodalis_praecaptivus	k__Bacteria	p__Proteobacteria	c__Gammaproteobacteria	o__Enterobacterales	f__Pectobacteriaceae	g__Sodalis	s__Sodalis_praecaptivus
s__Blautia_sp_An249	k__Bacteria	p__Firmicutes	c__Clostridia	o__Clostridiales	f__Lachnospiraceae	g__Blautia	s__Blautia_sp_An249
s__Lactobacillus_reuteri	k__Bacteria	p__Firmicutes	c__Bacilli	o__Lactobacillales	f__Lactobacillaceae	g__Lactobacillus	s__Lactobacillus_reuteri
s__Bacteroides_fluxus	k__Bacteria	p__Bacteroidetes	c__Bacteroidia	o__Bacteroidales	f__Bacteroidaceae	g__Bacteroides	s__Bacteroides_fluxus
s__Enterococcus_durans	k__Bacteria	p__Firmicutes	c__Bacilli	o__Lactobacillales	f__Enterococcaceae	g__Enterococcus	s__Enterococcus_durans
